pad_WELL_PAD_ID,pad_WELL_PAD,CLIENT,COUNTY,n_waste_records,total_tons,total_bbls,first_period,last_period,included
145410,BIG SKY,EQT PROD CO,Greene,12999,4.2525.4716.4425.4716.4425.4716.4425.4716.4425.4716.4425.4716.4425.478905165601106435366952690288815621671855569110355058405867587266404837.7706.3912.0148.1917.2129.7435.6445.9837.7706.3937.737.775.5706.3937.7706.396.0321.1739.661.413.4841.281.8945.884.224.58122.07347.51465.80.576.534.5820.851.83270.22437.824.58105.63263.4306.924.585.0214.93407.92416.160.163.414.588.98210.09460.634.586.5423.68228.12325.010.214.5838.1124.86219.68343.821364.954.5516.74.554.554.554.554.554.554.551.417.85145.640.121.427.84145.641.417.85145.641.427.84145.641.417.85145.641.427.84145.651.417.7468.34145.653.4642.92.6120.1510.860.017.7810.835.647.0316.477.0617.190.1317.121.330.1599.54109.873.13.1,,Apr 2017 (WASTE: Unconventional wells),Sep 2025 (WASTE: Unconventional wells),True
151394,JOHNSTON,EQT PROD CO,Greene,11815,62433129423829148415677033323027868301008218222911816423568226838441430565.72565.72565.72565.72565.72565.72565.72565.72565.72565.72565.729.29565.7217.9614.622.1435.520.37.3241.93873.421.774.133.678.9311.38177.882.584.466.276.2764.9657.7519.4957.7520.8541.3563.7312.6641.365.9742.3339.0845.0239.844.4323.0423.044.853.915.975.9720.6321.1845.0140.956.2722.849.2438.26.7811.024.622.778.010.023.735.780.080.50.15263.8973.771.21,,Apr 2017 (WASTE: Unconventional wells),Sep 2025 (WASTE: Unconventional wells),True
153429,COGAR,EQT PROD CO,Washington,10837,55457.92666.791.83768.78726.81868.614.91707.44864.186.3220.15585.42.42820.923.389.09919.462554.29702.724.41659.02843.43320.84720.21780.29532.235.39492.01120.9918.6735.161219.228.83137.5138.5638.571201.82956.03115.59536.22795.12960.8433.51139.312.6253.89894.08384.24937.65884.5917.14745.47866.87452.18280.493.219.2234.453.29.223.29.2252.573.219.222.023.219.223.219.223.219.221.48902.8566.1116.315.278.740.1516.723.86.9211.2738.464.1816.729.4116.7216.7245.26102.1164.92116.43743.3745.26102.1145.26102.1145.2678.01102.1145.26102.1245.27102.1212.6312.6321.3912.6312.6412.6412.644.654.4613.6447.52123.822.78273.17590.34295.294.53930.92867.321322.791.044.941.041.041.041.041.044.939.264.934.932.434.931.054.935.489.0220.7353.1853.1853.1853.1864.6153.1864.6125.4453.180.841.117.3972.2172.2112.41136.8428.37136.84136.84136.84136.8428.984.5628.983.857.2430.9535.380.154.746.6229.481.418.598.598.598.590.18.5929.5529.5529.5529.5520.929.556.8623.630.331.834.235.0516.482.650.811.7812.68.7219.488.72,,Apr 2017 (WASTE: Unconventional wells),Sep 2025 (WASTE: Unconventional wells),True
151691,MAGNUM,RICE DRILLING B LLC,Greene,9422,3.1314.6517.7320.1226.4627.0938.6754.533.1314.6517.7320.1226.4627.0938.6754.533.1314.6517.7320.1226.4627.0938.6754.533.1314.6517.7320.1226.4627.0938.6754.533.1314.6517.7320.1226.4627.0938.6754.533.1314.6517.7320.1226.4627.0938.6754.533.1314.6517.7320.1226.4627.0938.6754.533.1314.6517.7320.1226.4627.0938.6754.533.1314.6517.7320.1226.4627.0938.6754.533.1314.6517.7320.1226.4627.0938.6754.531.371.891.911.963.8724.3431.0535.1352.591.371.891.911.963.8724.3431.0535.1352.591.371.891.911.963.8724.3431.0535.1352.591.371.891.911.963.8724.3431.0535.1352.591.371.891.911.963.8724.3431.0535.1352.591.371.891.911.963.8724.3431.0535.1352.591.371.891.911.963.8724.3431.0535.1352.591.371.891.911.963.8724.3431.0535.1352.591.371.891.911.963.8724.3431.0535.1352.591.371.891.911.963.8724.3431.0535.1352.590.151.8214.790.151.8214.790.151.8214.790.151.8214.790.151.8214.790.151.8214.790.151.8214.790.151.8214.790.151.8214.790.151.8214.7987.4187.4187.4187.4187.4187.4187.4187.4187.4187.410.380.563.523.577.6930.0530.3374.610.380.563.523.577.6930.0530.3374.610.380.563.523.577.6930.0530.3374.610.380.563.523.577.6930.0530.3374.610.380.563.523.577.6930.0530.3374.610.380.563.523.577.6930.0530.3374.610.380.563.523.577.6930.0530.3374.610.380.563.523.577.6930.0530.3374.610.380.563.523.577.6930.0530.3374.610.380.563.523.577.6930.0530.3374.611.487.2713.7721.126.6228.2328.637.3641.491.487.2713.7721.126.6228.2328.637.3641.491.487.2713.7721.126.6228.2328.637.3641.491.487.2713.7721.126.6228.2328.637.3641.491.487.2713.7721.126.6228.2328.637.3641.491.487.2713.7721.126.6228.2328.637.3641.491.487.2713.7721.126.6228.2328.637.3641.491.487.2713.7721.126.6228.2328.637.3641.491.487.2713.7721.126.6228.2328.637.3641.491.487.2713.7721.126.6228.2328.637.3641.498.790.3573.2735.481.498.6441.1843.67105.7335.480.8835.48105.7335.4835.4818.96132.67132.673.44559.06698.04871.15525.71309.08178.591135.27880.784.24.24.24.24.8736.447.134.24.24.20.39.8549.50.382.566.24.3611.671.252.6410.870.86.3310.8721.6813.657.416.1916.1916.194.0111.7413.3145.1171.31955.7453.2353.233.4522.9576.73251.14332.667.41506.45621.5353.2353.2312.953.2353.2353.2353.231.151.151.151.1513.82678.72115.55481.365.7590.45113.57516.82.1440.52889.636.8110.84107.5810.84107.5812.4414.1710.565.7826.6649.7549.7521.23694.497.98679.1720.65662.73686.6521.23694.497.98679.1720.65662.731.67686.653.0116.4642.6714.43413.692.9521.93621.41252.37.898.52118.95592.03224.97392.64232.27324.23179.3478.8419.190.041.3929.7462.0625.3426.4930.6656.3459.6711027.94336.84120130727.9419.8727.9427.9427.9428.480.599.43114.9810.15124.0685.8654.78104.8694.770.0614.9838.330.066.830.10.045.090.060.250.758.920.614.30.051.0514.6727.9381.421.45,,Apr 2018 (WASTE: Unconventional wells),Sep 2025 (WASTE: Unconventional wells),True
153509,ROUGH HOLLOW,EQT PROD CO,Greene,8371,18.28140.78335.43180.1322.77349.47509.23295.75410.69192.46411.06137.19335.83227.49388.458.1881.22456.51215.57362.11295.79319.46254.91337.3716.9131.0871.5195.8944.2773.8116.3620.92124.06247.73166.81454.04152.91461.43174.43356.0960.79174.53246.5113.372.4628.9635.49878.43635.964.94724.55467.551.41269.9118.88106.02508.542.17121.37248.1510.16.7457.86193.96728.0332.378.5112.2336.6826.123.057.7551.87113.17942.25.8637.9912.6342.4721.62855.63112.67672.4759.2592.42832.72586.422.93392.7117.9517.9517.9517.958.7740.261.741.741.741.741.741.749.75142.64747.522.313.293.839.5316.75732.070.080.450.56.4416.1363.471.256.449.986.4413.76.4410.756.448.617.5420.4426.4720.4422.47335.92.0311.8913.4520.4422.472.0317.147.762.4222.03222.0363.3263.3263.3263.3263.3263.3263.3263.3238.7763.324.245.74647.7420.97340.963.336.931242.2420.333.12394.463.22376.394.65479.575.93687.4691.4615.484.164.164.164.164.164.160.252.424.164.168.11.831.811.5412.71.521.521.521.521.521.5222.7331.82112.58169.83.5711.4928.3177.22174.610.735.646.50.150.23.225.513.223.223.223.223.223.223.2214.13.2214.10.13.697.133.693.693.693.693.693.693.693.690.1584.419.850.0810.715.037.2752.19,,Apr 2017 (WASTE: Unconventional wells),Sep 2025 (WASTE: Unconventional wells),True
153071,ROSTOSKY,EQT PROD CO,Allegheny,8044,848.2841.3754.6674.4515.62814.97749.220.89434.0913.62511.45280.32666.9231.31534.722.29613.310.3678.811063.11.3148.721.310.831.311.311.311.314.911.310.0514.121163.16739.942.9422.56744.12770.9720.32327.7622.9341.99599.6526.6166.06110.47783.2661.4823.82704.884.554.554.55605.114.55720.95662.354.554.554.558.6938.6238.6238.6238.6219.7538.6238.6338.63125.1131.263.043.044.124.12123.160.332.6732.0821.8921.8921.8921.8921.894.22746.7916.80.2320.267.3567.359.8967.355.7367.357.1767.356.325.613.014.772.623.013.013.017.543.029.8920.12238.51.752.11501.043.43184.76287.5811.082.24.695.5410.0519.544.6910.0519.544.6910.0519.541.391.252.2534.610.0817.7630.5112.288940.62274.430.18.1228.181244.451.292.032.954.8129.446.87117.650.131.9525.81117.65130.23117.650.151.066.828.16139.50.4316.39139.5139.562.8962.8962.8910.0419.450.383.410.3711.090.0370.650.050.20.08,,Apr 2017 (WASTE: Unconventional wells),Sep 2025 (WASTE: Unconventional wells),True
145801,SHIPMAN,EQT PROD CO,Greene,6798,148.85255.23148.85978.23148.85750.23148.85705.23148.85748.23571261.8216.12106.71629.6433.857.1725.136.9615.576.64125.9728.6733.6173.5615.97165.37226.8813.8278.6680.638.61.861.862.485.9318.6538.21393.73733.881.861.861.861.86255.293.7473.312.8921.5524.3526.2361.673.3161.673.3161.673.314.8261.673.310.10.252.883.7533.9161.673.317.77218.6974.39670.531.972315.8321.15120.692011.748.092115.09358.5154.51526.03571.49349.33247.75812.84707.381412.2718.9661.04523.512.866.376.3711.2214.3920.073.313.810.050.250.63.896.810.646.811.237.730.090.338.1116.5418.031.986.418.7831.714.055.686.416.416.156.4169.5669.5612.11.0517.635.829.3756.951.345.030.08223.480.055.630.05,,Apr 2017 (WASTE: Unconventional wells),Sep 2025 (WASTE: Unconventional wells),True
145010,BIG DADDY SHAW,RICE DRILLING B LLC,Washington,6244,13.41673.27771.28207.31225.71232.57511.59166.2794.28630.53135.72153.45467.91149.01222.8443.67194.18207.84124.77527.1627.8527.8537.8227.8527.8527.8527.8522.362.853.7422.362.853.7422.362.853.7422.362.853.7422.362.853.7422.362.853.7422.362.853.741.791.791.791.791.791.791.792.082.082.082.082.082.082.080.020.80.020.80.020.80.020.80.020.80.020.80.020.80.040.040.040.040.040.040.040.494.0118.5218.869.4532.24.96575.132.86529.197.9235.8127.120.433.1120.0155.822.33128.45875.942.846.44193.31915.61157.411066.96373.134.1195.42430.854.8655.82172.74875.94915.611066.962.33567.442.44506.7120.62778.28264.691.4927.4832112.0912.0912.10.191.57.550.94197.344.740.1228.340.0919.620.1431.530.2148.420.3683.330.0818.771897.012303150.555064.555501390220338.3910403655120190418.74161.09170348.11355436.26130176.262700.522.4766.97141.63301.29318.870.250.542.250.138.71879.480.10.450.690.20.030.340.430.471.64.95.120.253.2554.580.150.40.47.3558.49,,Apr 2017 (WASTE: Unconventional wells),Sep 2025 (WASTE: Unconventional wells),True
153710,OLCZAK,EQT PROD CO,Greene,5957,578.64190.1372.2613.28471.6722.073.6732.51170.05656.187.2250.377.2142.067.2142.06329.48840.77661.836.3785.04351.17254.499.25109.5582.48385.03406.53286.75205.9642.585.5825.3117.2310.0617.229.325.0916.72136.35451.453.1425.5620.8921.33.5818.49173.96318.781073.451119.04681.38305.3152.161320.55761.721.524.8142.52558.39148.0544142.28142.280.753.39142.280.337.7162.71182.3342.7511.52590.3804.86257.14684.0763.8121.5620.9513.8240.87965.811.721.4625.3725.3725.370.030.7525.373.6825.3740.982.122.122.122.122.460.311.7994.2229.7829.786.0329.785.8136.1846.043.5529.783.143.992.4746.915.8119.7533.8333.833.45135.040.633.8333.839.382.383.469.381.82.219.389.3827.471.772.2515.8127.185.6179.6310.030.23.047.272.04114.62,,Apr 2017 (WASTE: Unconventional wells),Sep 2025 (WASTE: Unconventional wells),True
145407,HUNTER JOHN,RANGE RESOURCES APPALACHIA LLC,Washington,5900,81.71793.23749.37678.68892.6956.283.6373.981.85468.571.85233.8254.411.85236.73248.871.85143.38414.361.85196.54367.149.479.479.479.479.4738.2114.2287.77197.53539.65693.110.370.370.370.370.370.370.372.37175.8645.832.37267.17273.122.372.372.372.372.37174.29103.25603.7861.58241.4391.3841.66185.222.664.382.664.382.664.38277.162.664.38105.03131.19938.82.664.382.664.380.060.060.060.060.06758.13951.911218.8817.417.3917.417.40.070.070.070.070.070.190.180.180.190.010.120.510.010.120.510.010.120.510.010.120.510.010.120.510.010.120.510.010.120.510.010.120.510.010.120.513.544.4135.833.544.4135.833.544.4135.833.544.4135.832.9936.272.9936.272.9936.272.9936.270.30.30.30.30.30.30.30.30.30.550.550.550.550.550.550.550.550.550.130.130.130.130.130.130.130.130.13400.990.020.020.020.020.020.020.020.020.020.210.210.210.210.210.210.210.210.210.30.30.30.30.310.5238.8453.520.30.30.30.30.030.030.030.030.0344.7354.041176.4157.641142.690.1169.65455.150.030.030.030.030.030.030.030.030.0320.4920.4920.490.030.030.030.031.121.121.120.030.030.030.030.030.030.030.030.030.020.080.20.020.080.20.020.080.20.020.080.20.020.080.20.020.080.20.020.080.20.020.080.20.020.080.20.020.080.20.020.080.20.020.080.200000000000012.9112.9112.910.226.0729.5943.63259.560.140.140.140.140.140.140.140.140.140.140.140.140.010.010.010.010.010.010.010.010.010.010.010.010.210.380.492.570.210.380.492.570.210.380.492.570.210.380.492.570.210.380.492.570.210.380.492.570.210.380.492.570.210.380.492.570.210.380.492.570.210.380.492.570.210.380.492.570.210.380.492.570.010.010.010.010.010.010.010.010.010.010.010.010.010.020.010.020.010.020.010.020.010.020.010.020.010.020.010.020.010.020.010.020.010.020.010.020.20.20.20.20.20.20.20.20.20.20.20.20.250.250.250.250.250.250.250.250.250.250.250.250000000000000.020.020.020.020.020.020.020.020.020.020.020.02,,Apr 2017 (WASTE: Unconventional wells),Sep 2025 (WASTE: Unconventional wells),True
145657,BROVA,RICE DRILLING B LLC,Washington,5810,100.63149.23102.6841.24152.45487.1839.517.85508.94823.899.8289.32521.67866.5314.61832.81414.1876.93113.16274.761.26153.9734.82414.1510.9512.331433.8710.9512.331433.8710.9512.331433.8710.9512.331433.8710.9512.331433.8710.9512.331433.879.069.069.069.069.069.0617.4222.34552.18590.4879.41464.841000.54195.45468.7743.3527.71251.26434.01819.590.030.265.225.239.4929.430.030.265.225.239.4929.430.030.265.225.239.4929.430.030.265.225.239.4929.430.030.265.225.239.4929.430.030.265.225.239.4929.430.030.265.225.239.4929.430.030.265.225.239.4929.430.030.265.225.239.4929.430.030.265.225.239.4929.430.330.560.330.560.330.560.330.560.330.560.330.560.330.560.330.560.330.560.330.560.050.050.050.050.050.050.050.050.050.050.050.450.050.450.050.450.050.450.050.450.050.450.050.450.050.450.050.450.050.450.020.020.020.020.020.020.020.020.020.020.030.030.030.030.030.030.030.030.030.030.061.420.061.420.061.420.061.420.061.420.061.420.061.420.061.420.061.420.061.420.40.086.9434.874.544.964.9628.08133.810.158.339.089.0851.48245.278.99.719.7155.01262.120.890.970.975.5126.2410.1511.0811.0862.76299.0512.5213.6613.6677.38368.7115.9417.3917.3998.53469.4816.5318.0418.04102.2486.9715.7117.1417.1497.1462.6716.518181024860.080.2525.4460.952.53.3914.080.751.536.190.14.2510.1569.4829.7344.8184.1830.822.152.6510.050.6559.140.20.090.7917.140.79,,Apr 2017 (WASTE: Unconventional wells),Sep 2025 (WASTE: Unconventional wells),True
155377,RHL71,CNX GAS CO LLC,Greene,5648,0.03121.67873.080.03269.43534.310.030.0385.74333.060.030.03317.5725.8213.8354.7713.8354.7713.8354.7713.8354.7713.8354.7713.8354.7777.44205.9233.66242.7695.18438.599.5158.95248.958.048.048.048.048.0420.72353.118.0493.3357.95143.13281.6416.45118.7437.5138.61357.69483.0973.64347.7838.81262.1385.11906.31423975.65184.571587.240.0435.15219.750.0435.15219.750.0435.15219.750.0435.15219.750.0435.15219.750.0435.15219.752.542.542.542.542.542.5441.05758.621066.24788.841095.53164.7272.5920.118.598.598.598.598.598.59111111111111549.42852.16702.981118.61486.861079.39152.25296.21378.321160.643.363.363.363.363.363.363.363.363.363.363.363.363.363.36842.37896.91977.41045.540.157.4842.650.157.4842.650.157.4842.650.157.4842.650.157.4842.650.157.4842.650.157.4842.650.157.4842.650.157.4842.650.157.4842.650.157.4842.650.157.4842.650.157.4842.650.157.4842.6510.0410.0410.0410.0410.0410.0410.0410.0410.0410.0410.0410.0410.0410.047.847.847.847.847.847.847.847.847.847.847.847.847.847.840.081.155.170.081.155.170.081.155.170.081.155.170.081.155.170.081.155.170.081.155.170.081.155.170.081.155.170.081.155.170.081.155.170.081.155.170.081.155.170.081.155.170.879.160.879.160.879.160.879.160.879.160.879.160.879.160.879.160.879.160.879.160.879.160.879.160.879.160.879.160.041.4619.920.041.4619.920.041.4619.920.041.4619.920.041.4619.920.041.4619.920.041.4619.920.041.4619.920.041.4619.920.041.4619.920.041.4619.920.041.4619.920.041.4619.920.041.4619.924.144.144.144.144.144.144.144.144.144.144.144.144.144.140.210.210.210.210.210.210.210.210.210.210.210.210.210.210.050.380.050.380.050.380.050.380.050.380.050.380.050.380.050.380.050.380.050.380.050.380.050.380.050.380.050.381.441.441.441.441.441.441.441.441.441.441.441.441.441.440.010.010.010.010.010.010.010.010.010.010.010.010.010.010.010.010.010.010.010.010.010.010.010.010.010.010.010.010.430.430.430.430.430.430.430.430.430.430.430.430.430.435.915.915.915.915.915.915.915.915.915.915.915.915.915.910.380.380.380.380.380.380.380.380.380.380.380.380.380.382.272.272.272.272.272.272.272.272.272.272.272.272.272.271.161.161.161.161.161.161.161.161.161.161.161.161.161.16,,Apr 2019 (WASTE: Unconventional wells),Sep 2025 (WASTE: Unconventional wells),True
154096,HEROLD A,RICE DRILLING B LLC,Greene,5613,4.266.567.059.312.0914.0715.9857.6364.0666.69102.46114.174.266.567.059.312.0914.0715.9857.6364.0666.69102.46114.174.266.567.059.312.0914.0715.9857.6364.0666.69102.46114.174.266.567.059.312.0914.0715.9857.6364.0666.69102.46114.174.266.567.059.312.0914.0715.9857.6364.0666.69102.46114.172.392.872.882.98.718.9722.2271.77135.332.392.872.882.98.718.9722.2271.77135.332.392.872.882.98.718.9722.2271.77135.332.392.872.882.98.718.9722.2271.77135.332.392.872.882.98.718.9722.2271.77135.332.392.872.882.98.718.9722.2271.77135.332.392.872.882.98.718.9722.2271.77135.333.613.613.613.613.612.862.885.47.5919.3621.1443.598.06121.932.862.885.47.5919.3621.1443.598.06121.932.862.885.47.5919.3621.1443.598.06121.932.862.885.47.5919.3621.1443.598.06121.932.862.885.47.5919.3621.1443.598.06121.932.862.885.47.5919.3621.1443.598.06121.932.862.885.47.5919.3621.1443.598.06121.930.194.525.025.385.55.56.9211.0212.1119.2367.7574.3475.8882.510.194.525.025.385.55.56.9211.0212.1119.2367.7574.3475.8882.510.194.525.025.385.55.56.9211.0212.1119.2367.7574.3475.8882.510.194.525.025.385.55.56.9211.0212.1119.2367.7574.3475.8882.510.194.525.025.385.55.56.9211.0212.1119.2367.7574.3475.8882.510.194.525.025.385.55.56.9211.0212.1119.2367.7574.3475.8882.510.194.525.025.385.55.56.9211.0212.1119.2367.7574.3475.8882.510.350.754.4512.2712.3613.415.1852.47121.330.350.754.4512.2712.3613.415.1852.47121.330.350.754.4512.2712.3613.415.1852.47121.330.350.754.4512.2712.3613.415.1852.47121.330.350.754.4512.2712.3613.415.1852.47121.334.972.627.0643.1443.1443.1443.143.613.9443.141.5243.140.250.280.513.4743.146.598.348.348.348.348.348.348.349.925.5833.644.231.453.591.453.591.453.591.453.591.453.594.197.2210.391.453.591.453.590.37.983.050.452.015.161.545.160.675.162.92.775.1624.675.165.162.984.3431.8854.4531.8854.4516.8431.8854.4511.6531.8854.4517.0831.8854.4531.8854.450.080.531.8854.452.610.36714.67238.19.4465.5182.8997.6820.9254.6469.1381.4684.6157.1372.2985.12715.9248.2761.0771.91604.79101.53128.46151.261272.2180.75102.18120.31131.8782.12103.91122.351149.0624.23151.76342.2162.6353.31100.12627.124.1793.11543.25101.23120.24569.5682.12384.225.3833.340.250.3516.94313.24330.44.0215.99587.1166.79634.735.4326.270.157.14174.4401.9933.4350.49667.64253.92472.26231.07339.71328.16450.2116.211.982.9718.3849.0862.530.180.21.60.80.230.030.20.20.251.050.50.674.01108.76732.760.040.40.559.069.690.10.62.917.555.690.040.47.012.1512.70.23.436.6,,Apr 2018 (WASTE: Unconventional wells),Sep 2025 (WASTE: Unconventional wells),True
151752,MOR42HS,CNX GAS CO LLC,Washington,5495,120.87481.31452.39717.8625.955.21675.919.4643.5820.4921.37162.2720.4921.37162.2720.4921.37162.2720.4921.37162.2720.4921.37162.2720.4921.37162.27428.31741.05761.09980.311.4917.541.4917.541.4917.541.4917.541.4917.541.4917.545.46245.435.465.465.4660.535.465.4618.5278.66329.9899.451054.39708.32262.11916.8577.78478.5786.720.460.460.460.460.460.460.460.460.46454.571025.870.4698.850.46202.390.46393.221148.71.281.281.281.281.281.281.2839.82128.79235.041019.371.28369.741041.691.2822.6884.6887.41.281.281.280.171.028.540.171.028.540.171.028.540.171.028.540.171.028.540.171.028.540.171.028.540.171.028.540.171.028.540.171.028.540.171.028.540.171.028.540.50.50.50.50.50.50.50.50.50.50.50.55.785.785.785.785.785.785.785.785.785.785.785.783.493.493.493.493.493.493.493.493.493.493.493.493.243.243.243.243.243.243.243.243.243.243.243.2422.7122.7122.7122.7122.7122.7122.7122.7122.7122.7122.7122.714.0112.464.0112.464.0112.464.0112.464.0112.464.0112.464.0112.464.0112.464.0112.464.0112.464.0112.464.0112.4622.7222.7222.7222.7222.7222.7222.7222.7222.7222.7222.7222.720.820.820.820.820.820.820.820.820.820.820.820.822.242.242.242.242.242.242.242.242.242.242.242.240.20.20.20.20.20.20.20.20.20.20.20.20.020.020.020.020.020.020.020.020.020.020.020.020.010.010.010.010.010.010.010.010.010.010.010.010.010.010.010.010.010.010.010.010.010.010.010.010.270.270.270.270.270.270.270.270.270.270.270.270.280.280.280.280.280.280.280.280.280.280.280.280.036.070.036.070.036.070.036.070.036.070.036.070.036.070.036.070.036.070.036.070.036.070.036.070.120.260.120.260.120.260.120.260.120.260.120.260.120.260.120.260.120.260.120.260.120.260.120.260.030.030.030.030.030.030.030.030.030.030.030.031.61.61.61.61.61.61.61.61.61.61.61.60.260.260.260.260.260.260.260.260.260.260.260.26,,Apr 2018 (WASTE: Unconventional wells),Sep 2025 (WASTE: Unconventional wells),True
154155,STATE GAME LANDS,EQT PROD CO,Greene,5479,48.07127.55147.92196.8571.26198.639.44181.32106.66137.42126.29212.1635.2148.47233.2966.6766.97224.9168.06188.6593.79225.67247.5514.8779.44407.9560.48457.2423.21133.07680.59205.06567.95267.58303.86171.57174.01262.2377.57250268.5219.3234.47121.62158.41308.38420.9118.89344.58142.52182.072.7579.2739.83221.38223.42258.9302.5108.56122.166.1967.16374.511.191.191.191.193.455.1625.227.7432.2114.25957.361.1915.951.193.2114.76354.85.05261.57514.673.4915.6867.25122.47373.078.1614.87244.15119.28640.41222.45577.8986.03403.0820.220.11682.735.072.227.427.398.6927.937.398.697.398.697.398.697.398.697.398.6917.027.398.697.398.697.398.697.398.693.3713.1109.22615.853.8580.33494.041.192.43329.27109.2280.33376.113.1114.6554.83294.6484.15111.390.40.4550.3567.2967.2967.2967.2967.2967.2967.2967.2967.2911.9467.290.50.692.5218.920.690.690.690.690.690.690.690.690.690.23.252.087.887.5717.7924.9524.9524.9524.9524.9524.9524.9524.9524.9524.950.2534.232.4913.120.20.050.085.560.3811.940.4821.330.459.787.15118.230.4515.820.490.522.828.5232.49285.12353.810.451.2515.829.880.92.50.89,,Apr 2019 (WASTE: Unconventional wells),Sep 2025 (WASTE: Unconventional wells),True
155153,RHL8,CNX GAS CO LLC,Greene,5265,414.93718.52404.6873.04273.17533.61469.19668.8115.46311.611066.124.994.9981.387.44.99386.19909.244.994.994.9942.691970.1517.13485.85.85.85.85.81.461.461.461.461.461.46714.0361.941.647.8337.5430.442.682.682.682.682.682.682.682.682.682.682.682.682.6834.164.552.68730.341312.10.475.260.475.260.475.260.475.260.475.260.475.260.475.260.475.260.475.260.475.260.475.260.475.260.475.260.475.260.023.910.023.910.023.910.023.910.023.910.023.910.023.910.023.910.023.910.023.910.023.910.023.910.023.910.023.9121.2119.89809.71866.08574.81205.16766.741001.9733.471093.4198.084.744.744.744.744.744.744.744.744.744.744.744.744.744.74142.64282.37710.711128.38843.81944.880.671.170.671.170.671.170.671.170.671.170.671.170.671.170.671.170.671.170.671.170.671.170.671.170.671.170.671.176.916.776.916.776.916.776.916.776.916.776.916.776.916.776.916.776.916.776.916.776.916.776.916.776.916.776.916.770.4718.560.4718.560.4718.560.4718.560.4718.560.4718.560.4718.560.4718.560.4718.560.4718.560.4718.560.4718.560.4718.560.4718.561.4542.61.4542.61.4542.61.4542.61.4542.61.4542.61.4542.61.4542.61.4542.61.4542.61.4542.61.4542.61.4542.61.4542.6000000000000000.010.010.010.010.010.010.010.010.010.010.010.010.010.010.020.020.020.020.020.020.020.020.020.020.020.020.020.020.030.030.030.030.030.030.030.030.030.030.030.030.030.030.120.120.180.120.120.180.120.120.180.120.120.180.120.120.180.120.120.180.120.120.180.120.120.180.120.120.180.120.120.180.120.120.180.120.120.180.120.120.180.120.120.180.070.070.070.070.070.070.070.070.070.070.070.070.070.071.711.711.711.711.711.711.711.711.711.711.711.711.711.710.130.130.130.130.130.130.130.130.130.130.130.130.130.130.090.090.090.090.090.090.090.090.090.090.090.090.090.090.130.130.130.130.130.130.130.130.130.130.130.130.130.130.260.430.260.430.260.430.260.430.260.430.260.430.260.430.260.430.260.430.260.430.260.430.260.430.260.430.260.430.060.060.060.060.060.060.060.060.060.060.060.060.060.060.20.20.20.20.20.20.20.20.20.20.20.20.20.2,,Apr 2020 (WASTE: Unconventional wells),Sep 2025 (WASTE: Unconventional wells),True
153721,DO8 U,SENECA RESOURCES CO LLC,McKean,5038,619.98199.19199.19199.19199.19199.19199.19199.19199.19199.19199.19199.19199.19199.19199.2199.220.2629.0537.42269.521074.291193.7726.051112.59450.061154.26600.90.370.370.370.370.370.370.370.370.370.370.370.370.370.370.36206.881801.731181.2750.91968.29431.03170.15170.15170.15170.15170.15170.15170.15170.15170.15170.15170.16170.16170.16170.16170.1657.21177.2727.27177.27177.27177.2727.27177.2727.27127.27177.2727.271.891.891.891.891.891.891.891.891.891.891.891.891.891.891.890.170.170.170.170.170.170.170.170.170.170.170.170.170.170.170.850.850.850.850.850.850.850.850.850.850.850.850.850.850.850.260.260.260.260.260.260.260.260.260.260.260.260.260.260.260.260.260.260.269.04272.749.04201.59.04197.099.04203.6697.072.48379.81154.34152.59292.231290.4922.611067.581061.760.880.880.880.886.256.256.256.251.31.741.31.741.31.741.31.741.31.741.31.741.31.741.31.741.31.741.31.741.31.741.31.741.31.741.31.741.31.741.31.741.31.741.31.741.31.740.022.110.022.110.022.110.022.110.022.110.022.110.022.110.022.110.022.110.022.110.022.110.022.110.022.110.022.110.022.110.022.110.022.110.022.110.022.110.130.130.130.130.130.130.130.130.130.130.130.130.130.130.130.130.130.130.130.540.540.540.540.540.540.540.540.540.540.540.540.540.540.540.540.540.540.140.140.140.140.140.140.140.140.140.140.140.140.140.140.140.140.140.140.140.080.080.080.080.080.080.080.080.080.080.080.080.080.080.080.080.080.080.080.160.160.160.160.160.160.160.160.160.160.160.160.160.160.160.160.160.160.160.170.170.170.170.170.170.170.170.170.170.170.170.170.170.170.170.170.170.170.420.420.420.420.420.420.420.420.420.420.420.420.420.420.420.420.420.420.42,,Apr 2017 (WASTE: Unconventional wells),Sep 2025 (WASTE: Unconventional wells),True
148652,KANCEL UNIT,RANGE RESOURCES APPALACHIA LLC,Washington,4968,60.95966.492.62810.6768.841264.7772.49691.194.634.634.634.630.330.330.330.33947.1242.711109.011091.780.064.070.064.070.064.070.064.070.064.070.040.040.040.040.92444.510.920.920.920.92274.12426.27419.31424.91140.340.260.260.260.260.261.922.381.922.38109.74764.551.922.3845.54913.911.922.381.922.381.261.261.261.261.261.261.261.261.268.128.128.128.128.120.231.061.669.070.231.061.669.070.231.061.669.070.231.061.669.070.231.061.669.070.231.061.669.070.231.061.669.070.231.061.669.070.231.061.669.071.924.681.924.6852.9764.681.924.6852.9764.681.924.6852.9764.681.924.6852.9764.681.924.6852.9764.682.122.122.122.122.122.122.122.122.120.040.040.040.040.040.040.040.040.040.010.010.010.010.010.010.010.010.010.080.080.080.080.080.080.080.080.080.030.030.030.030.030.030.030.030.031.311.311.311.311.311.311.311.3124.2624.261.861.861.861.861.861.861.861.861.860.631.933.730.631.933.730.631.933.730.631.933.730.631.933.730.631.933.730.631.933.730.631.933.73,,Apr 2017 (WASTE: Unconventional wells),Sep 2025 (WASTE: Unconventional wells),True
150600,SMITH LARRY,RANGE RESOURCES APPALACHIA LLC,Washington,4811,666.64646.28682.26538.89148.94339.37186.631181.99178.93315.6879.9601.654.2871.484.2871.484.2871.484.2871.480.230.230.230.23111111117.790.30.040.040.040.04345.61580.66603.22433.57604.38250.77602.450.040.040.040.041.542.243.8713.21.542.243.871.542.243.871.542.243.871.542.243.87111.46625.431.542.243.871225.081025.42111.95388.79841.38856.62995.540.090.090.090.090.230.230.230.230.020.020.020.020.020.0214.5452.94108.250.020.040.040.040.04205.341106.08350.531197.1478.050.291.073.3910.9141.390.291.073.3910.9141.390.291.073.3910.9141.390.291.073.3910.9141.390.291.073.3910.9141.390.291.073.3910.9141.390.291.073.3910.9141.390.030.040.650.030.040.650.030.040.650.030.040.650.030.040.650.030.040.650.030.040.650.030.040.650.030.040.650.030.040.650.040.040.040.040.040.040.040.040.040.041.5794.360.30.365.130.30.365.130.30.365.130.30.365.130.30.365.130.30.365.130.30.365.130.30.365.130.30.365.130.30.365.130.516.710.516.710.516.710.516.710.516.710.516.710.516.710.020.231.155.260.020.231.155.260.020.231.155.260.020.231.155.260.020.231.155.260.020.231.155.260.020.231.155.260.072.5716.2821.380.072.5716.2821.380.072.5716.2821.380.072.5716.2821.380.072.5716.2821.380.072.5716.2821.380.072.5716.2821.380.020.040.020.040.020.040.020.040.020.040.020.040.020.040.020.040.020.040.020.040.10.10.10.10.10.10.10.10.10.11.811.811.811.811.811.811.811.811.811.810.010.010.010.010.010.010.010.010.010.010.040.040.040.040.040.040.040.040.040.040.050.050.050.050.050.050.050.050.050.050.050.060.050.060.050.060.050.060.050.060.050.060.050.060.050.060.050.060.050.060.040.040.040.040.040.040.040.040.040.040.010.010.010.010.010.010.010.010.010.010.040.040.040.040.040.040.040.040.040.040.010.040.010.040.010.040.010.040.010.040.010.040.010.040.010.040.010.040.010.040.110.520.110.520.110.520.110.520.110.520.110.520.110.520.110.520.110.520.110.520.030.030.030.030.030.030.030.030.030.030.010.010.010.010.010.010.010.010.010.010.010.010.010.010.010.010.010.010.010.010.030.030.030.030.030.030.030.030.030.030.020.020.020.020.020.020.020.020.020.02,,Apr 2017 (WASTE: Unconventional wells),Sep 2025 (WASTE: Unconventional wells),True
156406,RHL31 WELL PAD,CNX GAS CO LLC,Greene,4623,1655.11104.69209.75202.3584.06212.910.651.214.245.79.050.651.214.245.79.050.651.214.245.79.050.651.214.245.79.050.651.214.245.79.050.651.214.245.79.050.651.214.245.79.050.651.214.245.79.050.110.120.110.120.110.120.110.120.110.120.110.120.110.120.110.120.110.12225.12373.290.110.120.110.1220.780.110.12148.75250.670.110.1273.34306.680.110.12192.97318.580.110.120.110.123.8147.76259.8334.06397.58485.09980.0374.77149.4429.92796.6544.62103.641271.02505.73860.65500.08550.940.1223.630.1223.630.1223.630.1223.630.1223.630.1223.630.1223.630.1223.630.2868.390.2868.390.2868.390.2868.390.2868.390.2868.390.2868.390.2868.396.476.476.476.476.476.47498.05585.766.47592.85762.016.4762.480.340.340.340.340.340.340.340.340.348.2648.660.34229.85456.070.34270.71316.570.34248.2368.810.34342.14362.390.340.340.3446.4121.2126.86227.72378.53252.6406.9127.34176.410.080.080.080.080.080.080.080.080.140.4228.070.140.4228.070.140.4228.070.140.4228.070.140.4228.070.140.4228.070.140.4228.070.140.4228.070.140.4228.070.140.4228.070.140.4228.070.140.4228.070.140.4228.070.140.4228.070.140.4228.070.140.4228.070.182.910.182.910.182.910.182.910.182.910.182.910.182.910.182.910.182.910.182.9114.880.182.91203.01334.650.182.910.182.910.182.910.182.910.182.91410.34473.22228.86483.649.0658.96348.78423.35271.13508.2900000000000000005.355.355.355.355.355.355.355.355.355.355.355.355.355.355.355.350.17.470.17.470.17.470.17.470.17.470.17.470.17.470.17.470.17.470.17.470.17.470.17.470.17.470.17.470.17.470.17.475.6112.085.6112.085.6112.085.6112.085.6112.085.6112.085.6112.085.6112.085.6112.085.6112.085.6112.085.6112.085.6112.085.6112.085.6112.085.6112.080.050.050.050.050.050.050.050.050.050.050.050.050.050.050.050.05000000000000000000000000000000000.140.140.140.140.140.140.140.140.140.140.140.140.140.140.140.140.210.210.210.210.210.210.210.210.210.210.210.210.210.210.210.210.080.080.080.080.080.080.080.080.080.080.080.080.080.080.080.080.010.010.010.010.010.010.010.010.010.010.010.010.010.010.010.012.292.292.292.292.292.292.292.292.292.292.292.292.292.292.292.29,,Apr 2021 (WASTE: Unconventional wells),Sep 2025 (WASTE: Unconventional wells),True
150934,RICH VALLEY PAD G,SENECA RESOURCES CO LLC,Cameron,4618,101.29101.29101.29101.29101.29101.3101.3101.3101.3102876.73102777.59102797.341021168.21100848.951001023.51100874.3100865.13100854.4100878.711001231.643.8343.8310.160.250.250.250.250.250.250.250.250.250.250.230.290.290.290.290.290.290.290.290.290.290.34571.365.08571.365.08571.365.08571.36966.821424.74756.851.141790.6834.8634.8634.8634.867901192705.652.552.552.552.552.552.552.552.552.552.552.552.552.5524.142.552.552.172.172.172.174.554.554.554.554.554.554.554.554.554.554.550.40.40.40.40.40.40.40.40.40.40.40.40.40.40.4420.31179.68865.830.680.680.680.680.680.680.680.680.680.680.680.680.680.680.680.680.680.680.680.680.68301.760.68281.730.68157.70.120.450.120.450.120.450.120.450.120.450.120.450.120.450.120.450.120.450.120.450.120.450.120.450.120.450.120.450.120.450.120.4532.92385.620.120.4532.92379.230.120.4532.92349.30.120.4532.92373.450.120.4532.92384.210.120.4532.92237.880.120.4532.920.120.4532.920.250.40.250.40.250.40.250.40.250.40.250.40.250.40.250.40.250.40.250.40.250.40.250.40.250.40.250.40.250.40.250.40.250.40.250.40.250.40.250.40.250.40.250.40.250.41.31.31.31.31.31.31.3249.951.31183.23446.011178.75384.270.490.490.490.490.490.490.490.490.640.640.640.640.640.640.640.640.340.340.340.340.340.340.340.340.340.340.340.340.340.340.340.340.340.340.340.340.340.340.340.040.040.040.040.040.040.040.040.040.040.040.040.040.040.040.040.040.040.040.040.040.040.040.880.880.880.880.880.880.880.880.880.880.880.880.880.880.880.880.880.880.880.880.880.880.880.161.640.161.640.161.640.161.640.161.640.161.640.161.640.161.640.161.640.161.640.161.640.161.640.161.640.161.640.161.640.161.640.161.640.161.640.161.640.161.640.161.640.161.640.161.640.210.210.210.210.210.210.210.210.210.210.210.210.210.210.210.210.210.210.210.210.210.210.21,,Apr 2016 (Unconventional wells),Sep 2025 (WASTE: Unconventional wells),True
151012,ACAA 1,CNX GAS CO LLC,Allegheny,4546,207.44325.97750129.63236.55363.3175061.81197.53372.7275021.7682.94294.67750133.61333.2575034.14121.1217.35750152.49221.8675066.4134.99211.6575050.88197.1493.58229.58392.63280.36329.4373.34179.09426.06427.3484.94141.96100.11122.33279.08244.09274.44401.39256.61270.15556.860.71.260.71.260.71.260.71.260.71.260.71.260.71.260.71.266.3735.96.3735.96.3735.96.3735.96.3735.96.3735.96.3735.96.3735.91.051.341.693.0218.1319.1137.031.051.341.693.0218.1319.1137.031.051.341.693.0218.1319.1137.031.051.341.693.0218.1319.1137.031.051.341.693.0218.1319.1137.031.051.341.693.0218.1319.1137.031.051.341.693.0218.1319.1137.031.051.341.693.0218.1319.1137.030.690.690.690.690.690.690.691.521.521.521.521.521.521.520.693.4543.520.693.4543.520.693.4543.520.693.4543.520.693.4543.520.693.4543.520.693.4543.521.661.661.661.661.661.661.661.661.241.241.241.241.241.241.241.241.551.551.551.551.551.551.550.20.20.20.20.20.20.22.022.022.022.022.022.022.020.040.040.040.040.040.040.040.040.040.040.040.040.040.040.040.010.010.010.010.010.010.010.010.020.020.020.020.020.020.020.290.290.290.290.290.290.290.291.491.491.491.491.491.491.491.490.250.250.250.250.250.250.250.250.060.060.060.060.060.060.060.061.961.961.961.961.961.961.961.960.050.050.050.050.050.050.050.05,,Apr 2017 (WASTE: Unconventional wells),Sep 2025 (WASTE: Unconventional wells),True
151088,GH58HS,CNX GAS CO LLC,Greene,4516,13.45694.88844.3216.74518.35153.96366.85376.7426.2328.01183.98228.35694.57259.33431.5214.8438.24106.46396.14203.39530.03564.63100.98207.36605.08259.33333.26713.211.731.731.731.731.731.73106.071189.631382.8621.66258.16732.83861.591.046.691.046.691.046.691.046.691.046.691.046.691.046.691.046.691.046.691.046.692.682.682.682.682.682.682.682.6817.920.552.68111.271669.422.680.020.020.020.020.020.020.020.020.020.022.152.214157.52247.92.152.214157.52247.92.152.214157.52247.92.152.214157.52247.92.152.214157.52247.92.152.214157.52247.92.152.214157.52247.92.152.214157.52247.92.152.214157.52247.92.152.214157.52247.90.780.780.780.780.780.780.780.780.780.780.010.010.010.010.010.010.010.010.010.010.130.130.130.130.130.130.130.130.130.132.242.242.242.242.242.242.242.242.242.240.950.950.950.950.950.950.950.950.950.950.130.130.130.130.130.130.130.130.130.130.10.10.10.10.10.10.10.10.10.10.440.440.440.440.440.440.440.440.440.44,,Apr 2017 (WASTE: Unconventional wells),Sep 2025 (WASTE: Unconventional wells),True
154750,RHL28,CNX GAS CO LLC,Greene,4283,18.7460.6177.4420.7822.9934.8140.7817.937.5939.34167.56213.64575.519.3131.08530.1719.3131.08530.1719.3131.08530.1719.3131.08530.1719.3131.08530.1719.3131.08530.1747.1376.58215.2431.05319.4741.82119.93197.54160.02232.5107.44113.95134.8741.98253.38232.2452.99113.39461.934.614.614.614.614.614.6153.0192.8232.3687.73156.95179.1622.2746.6258.31364.5245.18126.45209.352.6665.870.1270.6862.750.180.180.180.180.180.181.241.241.241.241.241.241.241.241.241.244.4210.274.4210.274.4210.274.4210.274.4210.274.4210.270.754.10.754.10.754.10.754.10.754.10.754.14.294.294.294.294.2923.044.294.29521.841129.514.294.2954.3589.854.29786.6847.24339.88958.9880.97686.88714.780.960.960.960.960.960.960.960.960.960.963.723.723.723.723.723.723.723.723.723.720.010.010.010.010.010.010.010.010.010.010.330.330.330.330.330.330.330.330.330.330.030.030.030.030.030.030.030.030.030.030.030.030.030.030.030.030.030.030.030.030.030.030.030.030.030.030.030.030.030.030.020.020.020.020.020.020.020.020.020.020.120.120.120.120.120.120.120.120.120.120.180.180.180.180.180.180.180.180.180.18,,Apr 2019 (WASTE: Unconventional wells),Sep 2025 (WASTE: Unconventional wells),True
151218,MOR30HS,CNX GAS CO LLC,Washington,4252,185.74419.4872.06136.06162.98291.429.2367.39754.7951.3449.42105.02696.3773.18614.57314.74895.86742.6755.33103.13204.89534.2184.81311.27297.8340.8412.7519.2812.7519.2812.4612.461009.361.51.59.7529.149.7529.149.7529.149.7529.149.7529.149.7529.148.078.078.078.078.078.074.01548.644.02566.8115.4915.4915.4915.4915.4915.4915.4915.4915.490.830.830.830.830.830.830.830.830.830.60.60.60.60.60.60.60.60.64.1347.58371.8319.28773.0624.152.421064.261.911.911.911.911.911.911.911.911.915.025.025.025.025.025.025.255.255.255.255.255.255.255.255.250.570.570.570.570.570.570.570.570.570.270.270.270.270.270.270.270.270.270.630.630.630.630.630.630.630.630.630.80.80.80.80.80.80.80.80.040.040.040.040.040.040.040.040.040.050.050.050.050.050.050.050.050.050.070.070.070.070.070.070.070.070.070.320.320.320.320.320.320.320.320.320.880.880.880.880.880.880.880.880.88215.44215.44215.44215.44215.44215.44215.44215.44215.441.111.111.111.111.111.111.111.111.1119.0319.0319.0319.0319.0319.0319.0319.0319.030.110.110.110.110.110.110.110.110.110.680.680.680.680.680.680.680.680.680.010.010.010.010.010.010.010.010.01,,Apr 2017 (WASTE: Unconventional wells),Sep 2025 (WASTE: Unconventional wells),True
154376,STATTLER ROAD,RICE DRILLING B LLC,Greene,4212,212.88707.14541.117.24329.534.636.1419.09274.11555.32155.692.576.5834.76133.21838.542.0932.82151.58164.481.4312.2256.0490.064.775.7198.29565.23505.053.1217.8118.01510.042.77136.51709.24122.83213.68118.26472.556.37842.4796.75.9619.08290.14805.750.1518.2340.42564.910.580.570.5838.4922.640.583.7148.3286.22221.330.5855.53134.5211.62356.9837.974.43269.44637.550.32.953.175.486.54124.42.953.172.953.1734.492.953.172.953.172.953.177.680.060.060.060.062.772.194.282.794.252.1118.514.423.223.225.5223.223.24.033.060.20.378.5978.591.578.2378.5978.591.61.230.456.186.13630.418.1223.53726.056.47238.2123.05699.28697.460.07664.44452.6883.55145.38183.81708.52517.576.4979.4138.16174.68793.312164.4498.65171.65217.03956.552689.283.6145.46183.92828.932518.9467.35117.19148.17571.131835.9687.4152.08192.28861.152502.52287.61135.2784.15585.180.20.150.4242.88627.130.1836.7344.7554.13414.37651.7181.83447.140.20.2140.73547.01268.17314.55409.66219.95587.14344.87351.0836.32294.5694.66241.342.016.0561.76111.69367.51771.87789.420.2238.450.085.376.440.89.829.322.168.2718.4251.28103.57106.4928.21.0936.535.5912.5620.9321.7548.85826.950.250.40.10.40.41.750.66.540.60.20.66.541.26.5418.42156.35,,Apr 2018 (WASTE: Unconventional wells),Sep 2025 (WASTE: Unconventional wells),True
153790,E08-T,SENECA RESOURCES CO LLC,Elk,4151,943.11785.72795.711123.851012.09972.69886.8887.4813.6513.6513.6513.6513.6517.2513.6513.6513.6513.6513.65831.3694.41976.48767.91091.89958.28211.342.322.322.322.322.322.322.322.322.322.322.320.361.940.361.940.361.940.361.940.361.940.361.940.361.940.361.940.361.940.361.940.361.941.21.21.21.21.21.21.21.21.21.21.20.080.080.080.080.080.080.080.080.080.080.0819.031687.89495.83862.710.730.730.730.730.730.730.730.730.730.730.7310.5919.5542.8214.9930.5521.1877.131203.481721.42919.040.090.090.090.090.090.090.090.090.090.090.090.090.090.090.09754.390.090.090.090.090.220.220.220.220.220.220.220.220.220.220.220.220.220.220.220.22365.880.22496.960.22403.360.22287.90.010.010.010.010.010.010.010.010.010.010.010.010.010.010.010.010.010.011.620.010.160.160.160.160.160.160.160.160.160.160.160.160.160.160.160.160.160.160.160.980.980.980.980.980.980.980.980.980.980.980.980.980.980.980.980.980.981716.160.981893.47583.63330.320.30.30.30.30.30.30.30.30.30.30.30.30.30.30.30.30.30.30.120.120.120.120.120.120.120.120.120.120.120.120.120.120.120.120.120.120.120.380.380.380.380.380.380.380.380.380.380.380.380.380.380.380.380.380.381.621.621.621.621.621.621.621.621.621.621.621.621.621.621.621.621.621.621.620.10.10.10.10.10.10.10.10.10.10.10.10.10.10.10.10.10.11.521.521.521.521.521.521.521.521.521.521.521.521.521.521.521.521.521.520.060.060.060.060.060.060.060.060.060.060.060.060.060.060.060.060.060.060.150.150.150.150.150.150.150.150.150.150.150.150.150.150.150.150.150.150.121.190.121.190.121.190.121.190.121.190.121.190.121.190.121.190.121.190.121.190.121.190.121.190.121.190.121.190.121.190.121.190.121.190.121.196.8821.333.273.273.273.273.273.273.273.273.273.273.273.273.273.273.273.273.273.274.27,,Apr 2018 (WASTE: Unconventional wells),Sep 2025 (WASTE: Unconventional wells),True
150559,MCC PARTNERS (WEST),RANGE RESOURCES APPALACHIA LLC,Washington,4063,17.441406.71150.051000.23305.15876.72802.1753.5444.6344.6310.4644.6368644.63980.941006.140.334.1625.580.334.1625.580.334.1625.580.334.1625.580.334.1625.580.940.940.940.940.940.030.030.030.030.030.450.450.450.450.450.560.560.560.560.560.670.670.670.670.670.280.280.280.280.280.230.230.230.230.230.420.420.420.420.420.850.850.850.850.850.010.010.010.010.010.020.020.020.020.020.890.890.890.890.895.8228.165.8228.165.8228.165.8228.160.080.180.741.541.740.080.180.741.541.740.080.180.741.541.740.080.180.741.541.740.080.180.741.541.740.080.180.741.541.740.080.180.741.541.740.080.180.741.541.740.080.180.741.541.74147.58294.1727.09214.62254.53118.18289.03166.46170.220.0119.5221.03184.95393.9685.060.010.0120.6722.660.01171.93663.26818.01154.76264.89370.3818.15507.97796.3213.920.010.080.010.080.010.080.010.080.010.0822.1985.23138.410.163.8917.2992.830.163.8917.2992.830.163.8917.2992.830.163.8917.2992.830.240.255.1723.7362.440.240.255.1723.7362.440.240.255.1723.7362.440.240.255.1723.7362.447.818.7811.117.818.7811.117.818.7811.117.818.7811.110.010.010.010.010.010.010.010.010.010.480.480.480.480.480.480.480.480.480.020.50.020.50.020.50.020.50.020.50.020.50.020.50.020.50.020.54.084.084.084.084.084.084.084.084.080.010.010.010.010.010.010.010.010.010.010.010.010.010.010.010.010.010.010.010.040.010.040.010.040.010.040.010.040.010.040.010.040.010.040.010.040.020.020.020.020.020.020.020.020.020000000000.010.010.010.010.010.010.010.010.010.230.230.230.230.230.230.230.230.233.653.883.653.883.653.883.653.883.653.883.653.883.653.883.653.883.653.88,,Apr 2017 (WASTE: Unconventional wells),Sep 2025 (WASTE: Unconventional wells),True
151049,CLERMONT PAD E,SENECA RESOURCES CO LLC,Elk,4034,222.07860.85341.75860.82341.75904.48341.751029.0915.5261.471095.87108.59962.589.54994.364.1364.1364.1364.1364.1364.1364.1264.1264.1264.120.30.30.30.310.310.310.310.310.310.310.10.10.10.10.10.10.10.10.10.11095.681796.640.150.150.150.150.150.150.150.150.150.1511.66238.4813.132.022.022.022.022.022.022.022.022.022.022.022.022.022.022.020.410.410.410.410.410.410.410.410.410.410.410.410.410.410.41797.421030.29741.85342.611482.669.6119.27730.40.810.810.810.810.810.810.810.810.810.810.810.810.810.810.810.250.250.250.250.250.250.250.250.250.250.250.250.250.250.252.022.022.022.022.020.650.650.650.650.650.650.650.650.650.650.650.650.650.650.650.540.540.540.540.540.540.540.540.540.540.540.540.540.540.540.170.170.170.170.170.170.170.170.170.170.170.170.170.170.170.860.860.860.860.860.860.860.860.860.860.860.860.860.860.860.110.110.110.110.110.110.110.110.110.110.110.110.110.110.113.193.193.193.193.193.193.193.193.193.193.193.193.193.193.190.240.240.240.240.240.240.240.240.240.240.240.240.240.240.240.250.250.250.250.250.250.250.250.250.250.250.250.250.250.25,,Apr 2016 (Unconventional wells),Sep 2025 (WASTE: Unconventional wells),True
155095,MOR44,CNX GAS CO LLC,Washington,3987,476.6794.82279.2843.0160.95150.83472.0938.99467.54978.64.7348.334.7348.334.7348.334.7348.332.082.082.082.081.927.551.927.551.927.551.927.5542.85140.88426.5922.79219.3922.79219.3922.79219.3922.79219.397.0226.467.0226.467.0226.467.0226.4618.7818.7818.7818.784.634.634.634.632.432.432.432.4385.821939.21210.37241.92.53.3920.772.53.3920.772.53.3920.772.53.3920.772.53.3920.772.53.3920.772.697.772.697.775.8643.425.8643.425.8643.425.8643.425.8639.1843.4255.085.8643.42856.651243.6917.711050.81218.51703.961310.6736.551211.54808.751064.080.041.57.640.041.57.640.041.57.640.041.57.640.041.57.640.041.57.640.041.57.640.041.57.640.041.57.640.041.57.640.030.030.030.030.030.030.030.030.030.0318.5247.3718.5247.3718.5247.3718.5247.3718.5247.3718.5247.37101.940.010.110.010.110.010.110.010.110.010.110.010.110.010.110.010.110.010.110.010.110.150.150.150.150.150.150.150.150.150.151.081.8219.4498.661.081.8219.4498.661.081.8219.4498.661.081.8219.4498.661.081.8219.4498.661.081.8219.4498.660.691.923.0512.140.691.923.0512.140.691.923.0512.140.691.923.0512.140.691.923.0512.140.691.923.0512.140.691.923.0512.140.691.923.0512.140.691.923.0512.140.691.923.0512.140.020.020.020.020.020.020.020.020.020.020.30.383.010.30.383.010.30.383.010.30.383.010.30.383.010.30.383.010.30.383.010.30.383.010.30.383.010.30.383.010.080.260.080.260.080.260.080.260.080.260.080.260.080.260.080.260.080.260.080.260.140.020.620.020.620.020.620.020.620.020.620.020.620.020.620.020.620.020.620.020.620.030.310.030.310.030.310.030.310.030.310.030.310.030.310.030.310.030.310.030.310.330.330.330.330.330.330.330.330.330.330.210.210.210.210.210.210.210.210.210.211.191.191.191.191.191.191.191.191.191.19,,Apr 2019 (WASTE: Unconventional wells),Sep 2025 (WASTE: Unconventional wells),True
144706,WILLIAM LANE GRE,CHESAPEAKE APPALACHIA LLC,Greene,3563,169.631076.01250.33760.81.254.391.254.391.254.391.254.391.254.391.254.391.254.3921.5719.643.915.49310.41248.421.596.1521.48188.95320.11182.9991.75720.741.2120.95760.5315.51531.17101.54616.620.082.038.0919.76486.55969.033.09316.88702.47794.021.44.876.80.13.495.836.64122.312.96.514.221.267.39211.421299.972.921.7229.260.47291.48392.52.0117.1427.52.5819.11144.6218.6619.9616.9118.843.5618.280.130.35102.31216.35102.3130.72102.31102.31102.31102.313.624.0914.413.99731.83.6343.4360.42883.9870.92224.789.59525.83668.722.4153.66765.3532.15125.190.20.258.988.988.988.988.988.9817.020.51.1412.980.652.788.10.2533.963.963.963.963.963.960.4532.7682.1196.46694.332.05494.57913.771073.467756.90.32.837.25342.81859.221009.397395.672.12370.19927.8410907845.931.07330.64828.72973.567007.775.57303.5760.69893.636432.47289.22724.91851.66129.94306.07767.14901.216487.020.20.24.710.40.550.050.20.20.30.861.666.221.750.20.22.250.42,,Apr 2018 (WASTE: Unconventional wells),Sep 2025 (WASTE: Unconventional wells),True
153574,EALY,EQT PROD CO,Washington,3337,97.84906.8958.95438.6462.73492.4997.7716.55173.38759.571081.15165.39675.83706.22163.5311.4434.81562.2882.26279.79199.585.54722.1873.843.2224.44548.4674.941701.4768.3419.372.39481.693.271240.683.95574.934.411027.9128.7823.0230.053.267.51.633.085.28133.4633.633.60.0533.649.192.812.950.1310.210.250.653.580.694.1417.720.950.057.1835.880.080.540.930.353.670.10.43.820.080.084.231.03170.60.182030.730.08332.3515.6217.4719.332.815.1387.50.137.530.255.4367.49,,Apr 2020 (WASTE: Unconventional wells),Sep 2025 (WASTE: Unconventional wells),True
150109,BROWNLEE MICHAEL,RANGE RESOURCES APPALACHIA LLC,Washington,3304,651.91725.421058.770.150.480.480.480.480.482.23286.692.232.232.232.23400.4622.98600.79594.54648.051.711.821.711.82421.951.711.821.711.821.711.82856.760.02894.710.02340.010.02831.650.0220.88808.070.0211.3711.3711.3711.3711.370.290.290.290.290.2925.6470.1525.6470.1525.6470.1525.6470.1525.6470.1525.2725.2725.2725.2725.271.141.931.141.931.141.931.141.931.141.936.226.226.226.226.2219.39179.3319.39179.3319.39179.3319.39179.3319.39179.332.544.2432.122.544.2432.122.544.2432.122.544.2432.122.544.2432.120.060.060.060.060.060.30.30.30.30.30.130.130.130.130.130.050.050.050.050.05180.12233.15346.491061.12721.691289.6925.150.051.655.686.7356.34172.41291.66427.61102.08182.387.5911.4913.7341.9485.58253.59505.56385.44460.58654.97240.16297.86332.44311.48520.08646.45150.39352.69273.59493.21497.950.976.570.976.570.976.570.976.570.976.570.010.010.010.010.010.010.010.010.010.010.728.61718.4840.66296.829.1932.310.5510.6629.11152.790.674.130.674.130.674.130.674.130.674.130.674.130.674.130.674.130.674.130.674.130.020.020.020.020.020.020.020.020.020.020000000000,,Apr 2017 (WASTE: Unconventional wells),Sep 2025 (WASTE: Unconventional wells),True
152565,STROSNIDER,RICE DRILLING B LLC,Greene,3160,626.5322.3252.99500.88310.163.4720.33616.3120.14524.714.46704.113.76710.06226.282.45683.0218.843.1721.04611.052.012.1220.91587.61624.595.2720.6597.87638.693291.341.98130.67136.86117.73605.814.8618.5580178.9197.01135544.0355096100110130164.46400.42420163.46230400587.350.6522.0846.4453.0175.8936.1194.45144.4981.865.9368.8844.5670.3412.5184.37310.430.20.64.44158.412.23496.75324.5294.931366.150.70.0614.85177.52391.85216.3453.9692.99137.49109.52412.7936.17699.5722.560.131.911.73.33275.910.5231.5246.7371.3821.68210.817.010.220.5311.497.013.113.662.0738.92,,Apr 2019 (WASTE: Unconventional wells),Sep 2025 (WASTE: Unconventional wells),True
152166,NR-01-KING-PAD,SOUTHWESTERN ENERGY PROD CO,Susquehanna,3155,1917.3632.0458.05944.8979973.57311993.3589.24589.24589.24589.24589.24589.240.66878.210.66878.210.66878.21217.55217.55217.55217.55217.55217.55217.55217.55217.5594.391286248.141718.9423.041.398.338.338.330.040.040.040.0438.360.0438.360.0438.360.040.040.041677.7877.7877.7877.7830.877.7877.7877.7877.7877.780.35160.620.660.660.660.660.660.660.660.660.660.660.6650.350.214.740.214.740.214.740.214.740.214.740.214.740.214.740.214.740.214.740.214.740.214.744002.793.93.93.93.93.93.93.93.93.93.93.90.540.540.540.540.540.540.540.540.540.540.542113.772052.950.911.21.730.911.21.730.911.21.730.911.21.730.911.21.730.911.21.730.911.21.730.911.21.730.911.21.730.911.21.730.911.21.731.38.420.050.050.050.050.050.050.050.050.050.050.052.22.28.148.14,,Apr 2016 (Unconventional wells),Sep 2025 (WASTE: Unconventional wells),True
152437,C09 D,SENECA RESOURCES CO LLC,Cameron,3112,141.16141.17141.17141.17141.17141.17141.17141.17141.17800.12903.37849.131867.12988.51105.641007.67983.64856.4323.33824.64996.0210.218.870.40.40.40.40.40.40.40.40.40.360.360.360.360.360.360.360.360.360.360.070.070.070.070.070.070.070.070.070.07275.861044.651771.7743.3461.0761.0761.0761.0761.0761.0761.0761.070.450.450.450.450.450.450.450.450.450.450.45155.1940.871098.031209.71111375.111703.8131.89713.643.63625.51255.5613.471105.466.160.10.10.10.10.10.10.10.10.10.10.10.10.10.10.10.10.10.10.510.510.510.510.510.510.510.510.510.510.510.510.510.510.510.510.510.510.662.650.662.650.662.650.662.650.662.650.662.650.662.650.662.650.662.650.662.650.662.650.662.650.662.650.662.650.662.650.662.650.662.650.662.650.160.160.160.160.160.160.160.160.160.160.160.160.160.160.160.160.160.161.761.761.761.761.761.761.761.761.761.761.762.111.762.111.762.111.762.111.762.111.762.111.762.111.762.110.250.250.250.250.250.250.250.250.250.250.250.250.250.250.250.250.250.252.382.382.382.382.382.382.382.382.382.382.382.382.382.382.382.382.382.380.220.220.220.220.220.220.220.220.220.220.220.220.220.220.220.220.22,,Apr 2016 (Unconventional wells),Sep 2025 (WASTE: Unconventional wells),True
153723,MOCEK JOHN,RANGE RESOURCES APPALACHIA LLC,Washington,3080,2.354.462.354.462.354.462.354.46289.77540.551.873.228.991.873.228.991.873.228.991.873.228.991.634.331.634.33382.711.634.33462.141.634.33391.73103.96432.633.063.063.063.060.042.4346.970.042.4346.970.042.4346.970.042.4346.97659.17669.5522.71753.5241.650.040.040.040.040.644.570.644.570.644.570.644.570.420.420.420.420.720.720.720.720.042.160.042.160.042.160.042.16152.92328.06154.89251.36390.890.230.230.230.230.030.030.030.031.181.181.181.181.281.281.281.28130.8278.92391.8374.99355.11006.49141.07293.13797.350.040.332.344.0817.7636.720.040.332.344.0817.7636.720.040.332.344.0817.7636.7213.0713.3557.12338.750.170.540.8168.220.170.540.8168.220.170.540.8168.223.983.983.983.982.712.712.712.7113.3323.4636.53135.530.073.180.073.180.073.180.073.180.073.180.073.180.073.188.0226.18.0226.18.0226.10.030.050.030.050.030.050.030.050.030.050.030.050.030.052.32.32.32.32.32.32.30.30.30.30.30.30.30.30.090.090.090.090.090.090.09,,Apr 2017 (WASTE: Unconventional wells),Sep 2025 (WASTE: Unconventional wells),True
154362,MAC,RICE DRILLING B LLC,Greene,3038,2.2730.84119.77940.1718.34112.392.242.98116.96557.593.2719.581.0381.63663.5281.69798.562.433.74160.91188.4239.6442.71665.4356.77571.86142.49739.5219.7720.2165.59185.150.034666.95165.840.030.037.872.631029.229.811188.170.92.210.9754.75906.34120.68782.583.56424.756.08180.43.6520.093.6520.093.6520.093.6520.093.3617.29125.840.75125.84125.84125.846.46.6610.596.46.6610.596.46.6610.596.46.6610.596.6670.2570.2570.251.1370.25194.06554.771499.935490.61220.32629.861702.946233.76217.35621.351679.956149.58218.28624.021687.186176.040.2420.540.130.2269.7382.59622.863.3563.9631.81128.03635.82697.08274.61410.72123.88292.350.53.420.423.790.33318.43465.8722.3246.971039.2640.7842.91322.13481.01122.08215.92516.51843.737.761021.23117.95.9910.6679.3392.45107.060.20.133.854.0337.140.21.083.5653.640.250.250.838.13123.17275.640.40.814.480.247.110.20.26.550.20.40.26.550.48.31245.89547.98179.21397.07224.01579.64108.89121.9544.7143.54337.3917.938.0550.6825.61293.58664.260.0411.96,,Apr 2019 (WASTE: Unconventional wells),Sep 2025 (WASTE: Unconventional wells),True
151238,CLERMONT PAD D,SENECA RESOURCES CO LLC,Elk,2939,717.84717.84717.84717.85717.85717.8528.1338638638538538538530.511155.671634.733.2633.2633.2633.2617.512.341832.88223.981610.72185.390.450.450.450.450.450.450.450.450.450.450.240.240.240.240.240.240.240.240.240.241.021.021.021.021.0210.4873.6634.5144.1992.055.135.135.131.151.151.151.151.151.151.153.331.153.331.153.331.153.334.036.714.036.714.036.714.036.714.036.712.922.922.922.922.922.922.926.542.926.542.926.542.926.544.574.574.574.570.281.034.230.281.034.230.281.034.230.281.034.230.281.034.230.281.034.230.281.034.230.281.034.230.281.034.230.281.034.2321.6521.6521.6521.6559.2721.6521.6521.65653.95348.79738.16804.49859.44641.87750.44116.6217.91198.21266.28118.33224.72206.49228.885.111.851.851.851.85757.531.855.291.851.850.40.40.40.40.40.40.40.40.40.40.40.40.40.40.40.40.40.220.220.220.220.220.220.220.220.220.220.220.220.220.220.220.220.220.20.20.20.20.20.20.20.20.20.20.20.20.20.20.20.20.20.250.250.250.250.250.250.250.250.250.250.250.250.250.250.250.250.250.470.470.470.470.470.470.470.470.470.470.470.470.470.470.470.470.470.160.160.160.160.160.160.160.160.160.160.160.160.160.160.160.160.160.40.40.40.40.40.40.40.40.40.40.40.40.40.40.40.40.40.480.480.480.480.480.480.480.480.480.480.480.480.480.480.480.480.480.990.990.990.990.990.990.990.990.990.990.990.990.990.990.990.990.990.360.360.360.360.360.360.360.360.360.360.360.360.360.360.360.360.364.354.354.354.354.354.354.354.354.354.354.354.354.354.354.354.354.35,,Apr 2016 (Unconventional wells),Sep 2025 (WASTE: Unconventional wells),True
152606,WARRINER S PAD 1,COTERRA ENERGY INC,Susquehanna,2895,1243.081092.981318.551422.220.5416.270.5414.950.5416.920.5415.39128.96128.96128.96128.9625.6525.6525.6525.650.3525.650.3525.65609.730.3525.651476.290.3525.650.3525.651263.790.3525.650.3525.65441.970.3525.65123.73123.73123.73123.73247.9247.9247.9247.90.1241.280.1241.280.1241.280.1241.2810.6110.6110.6110.612.8610.612.8610.612.8610.612.8610.612.8610.612.8610.612.8610.612.8610.611.6618.51.3718.51.7518.51.6518.518.518.518.518.518.518.518.518.580.2780.2780.2780.2734.4934.4934.4934.490.1134.490.1134.490.1134.490.1134.490.1134.490.1134.490.1134.490.1134.490.052.466.980.042.146.9825.10.093.36.980.093.386.980.042.396.980.052.396.980.083.256.980.042.476.980.290.250.390.390.280.280.380.2915.6915.6915.6915.6915.69993.6215.6915.6915.691188.7815.6915.69957.5315.6915.69727.7414.5214.5214.5214.521.814.52492.821.814.52498.171.814.52108.611.814.52553.941.814.52465.131.814.52578.841.814.521160.281.814.52408.70.130.13.9291.380.220.220.110.120.20.113.9291.3832.1332.1332.1332.136.8919.2832.136.8916.7732.136.8925.8232.136.8926.4632.136.8918.7132.136.8918.7332.136.8925.4432.136.8919.3632.1311.711.711.711.711.724.2611.724.2611.724.2611.724.26417.1111.724.2611.724.2611.724.2611.724.2629.0629.0629.0629.060.350.4914.7629.060.350.4912.8429.060.350.4919.7729.060.350.4920.2629.060.350.4914.3329.060.350.4914.3429.060.350.4919.4829.060.350.4914.8229.067.530.141.30.141.330.141.280.140.970.140.840.140.940.140.940.140.720.140.870.140.920.140.870.140.970.40.410.411.120.020.020.020.020.020.020.020.020.020.020.020.020.180.180.050.050.050.050.050.050.050.050.050.050.050.05,,Apr 2017 (WASTE: Unconventional wells),Sep 2025 (WASTE: Unconventional wells),True
145672,BERNARD MCCULLEY WAS,CHESAPEAKE APPALACHIA LLC,Washington,2788,62.09241.99947.53218.32243.29918.5312.512.8493.29680.99877.3812.512.8493.2922.74481.75944.756.426.426.426.426.426.426.426.423.83.83.83.8,,Apr 2016 (Unconventional wells),Sep 2025 (WASTE: Unconventional wells),True
155376,RHL99,CNX GAS CO LLC,Greene,2732,18.4341.8787.46226565.42339.15400.6817.73636.17132.73158.865.165.165.165.165.165.165.165.16104.88191.0722.38301.72387.7320.11141.71899.25159.58649.21123.29823.78129.97478.539.02566.62156.24428.6219.8114.59230.21644.35356.82532.82315.67456.77250.75473.2245.08186.28320.746.046.046.046.046.046.046.046.040.730.730.730.730.730.730.730.730.530.530.530.530.530.530.530.530.10.10.10.10.10.10.10.13.663.663.663.663.663.663.663.664.014.014.014.014.014.014.014.010.210.210.210.210.210.210.210.210.030.030.030.030.030.030.030.030.050.050.050.050.050.050.050.050.250.250.250.250.250.250.250.250.070.070.070.070.070.070.070.070.40.40.40.40.40.40.40.4,,Apr 2019 (WASTE: Unconventional wells),Sep 2025 (WASTE: Unconventional wells),True
152363,E09 M,SENECA RESOURCES CO LLC,Elk,2701,1033.391381.58909.861258.671339.5212181206.671194.371401.041166.131568.940.232.950.230.230.230.230.230.230.230.230.22114.731.921.921.921.921.921.921.921.921.921.921.91.221.221.221.221.221.221.221.221.221.221.261.581.581.581.581.581.581.581.581.581.581.6331.3312.62502.571.771.771.7715.6549.881806.951243.691500.5836.140.2767.2282.680.2712.3812.3887.260.970.970.970.970.970.90.970.970.970.970.970.970.90.970.90.970.90.970.772.310.772.310.772.310.772.310.772.310.772.310.772.310.772.310.772.310.63.460.63.460.63.460.080.080.080.080.080.084.460.080.080.080.080.080.084.460.084.460.084.461111111110.210.210.210.210.210.210.210.210.210.210.210.210.210.210.20.20.20.20.20.20.20.20.20.20.20.20.20.228.3628.3628.3628.360.180.180.180.180.180.180.180.180.180.180.180.180.180.180.230.230.230.230.230.230.230.230.230.230.230.230.230.230.160.160.160.160.160.160.160.160.160.160.160.160.160.160.350.350.350.350.350.350.350.350.350.350.350.350.350.290.290.290.290.290.290.290.290.290.290.290.290.29,,Apr 2016 (Unconventional wells),Sep 2025 (WASTE: Unconventional wells),True
155066,DIAZ M PAD 1,COTERRA ENERGY INC,Susquehanna,2620,0.310.310.310.310.310.310.31138.560.31398.52265.09290.45313.2448.41187.37299.75375.572.52.52.52.52.52.52.52.50.180.180.180.180.180.180.180.180.7112.60.7112.60.710.7112.60.71684.520.711092.80.7112.60.710.162.395.338.020.162.395.346.510.162.395.338.750.162.395.334.050.162.395.340.030.162.395.346.910.162.395.336.330.162.395.336.811.221.221.221.221.221.221.221.221.681.681.681.681.681.681.681.680.275.180.276.330.275.280.274.640.275.450.276.390.274.950.275.010.377.70.377.70.377.70.377.7208.230.377.70.377.70.377.71654.020.377.71147.722.55958.862.551075.252.551156.512.55613.52.55164.842.552.552.550.320.910.321.110.320.930.320.810.320.960.321.120.320.870.320.880.160.160.160.160.160.160.160.160.050.26.837.50.070.26.839.170.050.26.837.640.040.26.726.830.060.26.837.90.040.26.839.250.080.26.837.170.050.26.837.260.060.060.060.060.060.060.060.061.391.391.391.391.391.391.390.090.09144.950.090.09780.970.090.090.091438.912.94.472.94.472.94.472.94.472.94.472.94.472.94.470.78459.63149.151221.09226.011519.76250.65162.050.26190.190.26104.170.26166.740.26204.220.26101.490.26353.250.26104.351.051.051.051.050.40.40.40.41212.36310.91101.58246.652007.975.665.662158.955.665.66184.75.665.665.660.1914.690.3614.690.1514.690.2114.690.114.690.1514.690.2214.690.440.440.440.440.440.440.440.440.440.440.440.440.440.440.440.220.220.220.220.220.220.220.220.220.220.220.220.220.220.22,,Apr 2019 (WASTE: Unconventional wells),Sep 2025 (WASTE: Unconventional wells),True
152870,LAMBERT R PAD 1,COTERRA ENERGY INC,Susquehanna,2606,1332.41499.31379.411014.891309.661435.941544.81547.9811.3717.0911.3717.0918.552122.2411.3717.0911.3717.0911.3717.09454.0811.3717.0911.3717.091560.0611.3717.0911.3717.091515.211.3717.0911.3717.093.0816.133.0818.683.0815.733.0816.433.0816.453.0816.283.0817.63.0816.653.0815.483.0816.453.0815.460.148.380.198.380.098.380.138.380.128.380.138.380.178.380.18.380.138.380.18.380.18.380.270.270.270.270.270.270.270.270.270.270.273.555.1310.653.555.9412.333.55510.383.555.2310.853.555.2310.863.555.1810.743.555.611.623.555.310.993.554.9210.223.555.2310.863.554.9210.210.710.820.690.720.720.710.770.730.680.720.681.341.431.431.550.490.490.490.220.250.210.220.220.220.230.220.210.220.212.552.250.180.180.181.211.571.571.570.360.360.36,,Apr 2017 (WASTE: Unconventional wells),Sep 2025 (WASTE: Unconventional wells),True
152144,PAD W9,PENNENERGY RESOURCES LLC,Armstrong,2596,187.15243.23308.83396.49505.56787.16657.9722.42162.53302.05316.22377.422.253.792.253.792.253.792.253.792.253.792.253.794.484.484.484.484.484.484.284.484.284.484.284.484.284.484.284.484.284.4821.34475.94945.653.59.083.59.083.59.083.59.083.59.083.59.0815.2615.2615.2615.2615.2615.269.559.559.559.559.559.550.420.52.1216.520.420.492.1216.520.420.52.1216.520.420.492.1216.520.420.492.1216.520.420.492.1216.522.823.063.463.683.154.30.270.30.360.380.310.45,,Apr 2018 (WASTE: Unconventional wells),Sep 2025 (WASTE: Unconventional wells),True
150018,MCMICHAEL,RANGE RESOURCES APPALACHIA LLC,Beaver,2573,0.532.350.532.350.532.350.532.350.532.35309.46434.9344.5468.650.43314.820.4360.38171.7217.670.43236.5239.250.43334.30.4320.41147.92225.880.822.120.822.120.822.120.822.120.822.120.0940.0940.0940.0947.4413.7585.11286.07366.150.09443.45107.06243.1424.33237.99491.44154.72476.03744.4486.22421.57422.510.060.80.060.80.060.80.060.80.060.80.11.3219.990.11.3219.990.11.3219.990.11.3219.990.917.570.30.917.570.30.917.570.30.917.570.310.97.4970.30.010.673.870.010.673.870.010.673.870.020.673.870.010.663.8619.1619.1619.1619.1719.160.030.170.030.170.030.170.030.170.030.170.420.420.420.420.420.530.530.530.530.539.999.999.990.310.310.310.310.310.390.390.390.390.390.060.060.060.060.0610.5142.2195.69236.99326.75445.9420.2921.57163.35342.68504.8314.5814.5814.58193.45269.5431.580.674.686.7167.95263.0686.55231.4973.41115.77197.7621.5564.130.080.260.966.69.5353.740.080.260.966.69.5353.740.080.260.966.69.5353.740.541.870.541.870.541.870.541.870.541.870.067.690.067.690.067.690.067.690.067.690.067.690.067.690.067.690.030.050.030.050.030.050.030.050.030.050.030.050.030.050.030.050.032.283.250.032.283.250.032.283.250.032.283.250.032.283.250.032.283.250.032.283.250.032.283.250.060.060.060.060.060.060.060.061.831.831.831.831.831.831.831.830.061.890.061.890.061.890.061.890.061.890.061.890.061.890.061.890.030.030.030.030.030.030.030.030.810.810.810.810.810.810.810.81,,Apr 2018 (WASTE: Unconventional wells),Sep 2025 (WASTE: Unconventional wells),True
153432,TI 09 BROWN PAD,SWN PROD CO LLC,Lycoming,2571,227.341541.75903.373.79795.341.5131.890.170.170.17161013.991512.4595.3512.4512.451744.9437.160.960.960.964.624.624.62250.25250.25250.254.76232.419.294.334.334.3332.273533330.07336.2348.151348.341043.2124.49270.44292.08264.37235.491222.6448.6748.6748.670.33340.330.336.876.876.874220.5513.4321253.13135.7926.6726.6726.678.7323.81131453.651246.37291823.54382.421.72294.84.84.84.2721254.889.534.81.562.936.9610.765.52.12.12.12.12.12.12.12.12.11.011.011.011.011.011.011.011.011.01,,Apr 2018 (WASTE: Unconventional wells),Sep 2025 (WASTE: Unconventional wells),True
155107,ZIOLKOWSKI RAY 11771,RANGE RESOURCES APPALACHIA LLC,Allegheny,2548,249.42487.4843.9666.861161.2521.2422.9917.691396.860.030.972.2330.910.030.972.2330.910.030.972.2330.910.030.972.2330.910.030.972.2330.910.31176.29225.610.31102.38148.670.3195.13340.070.31372.70.3115.20.510.5170.980.160.510.510.5112.77247.09258.3642.5742.5742.5742.5742.5786.53273.97392.322.8413.3335.0742.99128.55216.71439.554.034.034.034.034.030.172.2110.490.172.2110.490.172.2110.490.172.2110.490.172.2110.490.090.150.220.872.74.5429.930.090.150.220.872.74.5429.930.090.150.220.872.74.5429.930.090.150.220.872.74.5429.930.090.150.220.872.74.5429.931.621.621.621.621.620.031.452.180.031.452.180.031.452.180.031.452.180.031.452.180.20.20.20.20.20.050.050.050.050.055.960.975.180.1748.360.1748.360.1748.360.1748.360.1748.368.7953.1966.72409.16410.7100.96241.810.060.060.060.0612.690.983.34.240.983.34.240.983.34.240.983.34.240.983.34.240.983.34.240.983.34.240.983.34.24270.92351.47633.590.420.561.051.3924.610.12.9425.11133.06212.5616.7819.2221.4277.39374.5791.483.4420.4833.17348574.08627.390.0639.260.014.070.014.070.014.070.014.070.014.070.014.070.014.070.014.070.30.30.30.30.30.30.30.30.010.010.010.010.010.010.010.010.010.010.010.010.010.010.010.01173.35187.33945.65147.39214.17830.4121.03143.06186.61989.760.290.290.290.290.290.290.290.2912.3688.722.6422.71189.562.672.986.437.2519.95120.19304.8223.5385.990.15103.39148.1183.7689.12125.41125.68156.94159.82109.09126.91216.780.680.680.680.680.680.680.680.680.010.010.010.010.010.010.010.01107.77121.51212.620.120.1160.82416.82.527.3813.137.19306.84421.02751.23275.121.2215.9202.35537.294.4415.0492.97,,Apr 2020 (WASTE: Unconventional wells),Sep 2025 (WASTE: Unconventional wells),True
153523,TI-07 CUPPER PAD,SWN PROD CO LLC,Tioga,2543,3.51822.26409.02220.28104.91623.844.934.934.934.93993.0966.011065.256707.066.262991.152.712.942.712.942.712.942.712.944.491161.09351.74513.321941.31.231.231.231.231.6894.57143.5912.9917.4732.531118.591729.450.2527.340.2527.3434.152823.743.743.743.743.743.741618.91855.820.27189.280.250.256.197.680.257.680.257.680.257.681.58268.973.2819.923.2819.923.2819.923.2819.920.642075.43577.220.2218024020.132.214.933600.921.382.960.930.930.930.930.930.930.930.930.930.93,,Apr 2017 (WASTE: Unconventional wells),Sep 2025 (WASTE: Unconventional wells),True
154293,PER W22 WELL PAD,PENNENERGY RESOURCES LLC,Butler,2469,16.0164.15365.88237.7302.45670.38227.89402.41164.02557.478.21653.04601.09749.96585.26747.17510.6513.2313.2313.2313.2313.2313.231.621.621.621.621.621.60.610.610.610.610.610.613.473.473.473.473.473.473.211.073.211.073.211.073.211.073.211.073.211.072.129.262.129.262.129.262.129.262.129.262.129.260.745.670.745.670.745.670.745.670.745.670.745.672.032.032.022.022.0264.692.020.470.470.470.470.470.470.390.390.390.390.390.3911.5511.5511.5511.5511.5511.552.6510.242.359.092.5910.032.7210.542.38.884.3916.977.065.676.86.656.0110.150.80.640.770.760.681.151.080.831.010.980.891.351.661.281.541.51.352.16,,Apr 2018 (WASTE: Unconventional wells),Sep 2025 (WASTE: Unconventional wells),True
153080,SEIBEL JOSEPH 11396,RANGE RESOURCES APPALACHIA LLC,Beaver,2326,0.11.440.11.440.11.440.11.44243.91273.740.11.440.11.44103.57258.11142.97229.76133.65199.01307.68307.472.098.932.098.932.098.932.098.932.098.9378.83166.27475.35476.882.098.93129.15274.44775.041.931.9368.05338.92749.951.93132.48328.26529.531.9340.98437.57450.181.931.9321.3785.161089.1221.954.884.884.884.884.884.881.631.961.631.961.641.961.641.961.641.971.641.960.4146.280.4146.280.4146.290.4146.290.4246.290.4146.284.974.974.984.984.984.980.550.550.550.550.550.550.537.940.537.940.537.940.537.940.537.940.537.940.030.030.030.030.030.032.522.522.522.522.522.520.382.060.382.060.382.060.382.060.382.060.382.060.060.080.060.080.060.080.060.080.060.080.060.080.330.330.330.330.330.330.180.180.180.180.180.180.010.230.010.230.010.230.010.230.010.230.010.230.741.042.160.741.042.160.741.042.160.741.042.160.741.042.160.741.042.160.030.030.030.030.030.030.042.240.042.240.042.240.042.240.042.240.042.240.710.710.710.710.710.710.760.760.760.760.760.760.170.170.170.170.170.170.942.40.942.40.942.40.942.40.942.40.942.40.150.150.150.150.150.15,,Apr 2019 (WASTE: Unconventional wells),Sep 2025 (WASTE: Unconventional wells),True
156175,DAHN-TAHN,RICE DRILLING B LLC,Greene,2309,118.78102.72136.38394.3680.42149.77357.7564.88118.09550.99165.12349.84513.116.37200276.8119.01102.4520.99208.63374.692140.12110.03157.27173.73379.23492.135.16403.3885.69720.09112.6496.28351.41465.94411.84652.8815.940.050.2515.9442.95676.830.41.3443.1510.8131.79144.31161.956.254.430.042.380.180.60.150.3814.8528.5354.070.13.56.740.20.20.40.60.20.92.080.20.60.038.3662.710.20.20.20.554.9511.380.130.45.050.20.64.990.520.20.450.61.24.990.93,,Apr 2022 (WASTE: Unconventional wells),Sep 2025 (WASTE: Unconventional wells),True
154700,STOUT,EQT PROD CO,Washington,2282,77.9319.97426.57297.19418.1131.1112.41341.25413.130.78369.89763.77226.78480.94678.38925.49186.19713.6862.37184.19651.3111.99121.750.20.2512.610.850.90.41.914.450.350.89.4230.832.340.050.130.9313.360.230.30.20.60.382.22,,Apr 2021 (WASTE: Unconventional wells),Sep 2025 (WASTE: Unconventional wells),True
152513,TI-19,SWN PROD CO LLC,Tioga,2280,150.93876.22630.4879.94426.7311.2411.2411.2411.2418.37134.8180.4812.1913.63133.161383.1613267.293.97250.43314.43219.71100.9263.16511.22.363.16530.627.2277.27.27.23.493.493.493.490.340.340.340.34809.87699.03680.680.145.460.140.140.1413.81574.03508.35385.1922255.452.0413.715113.7113.7113.71156.053.09633.341.1644.04574.79105113.941.374.344.344.344.3431.330.560.990.560.992.460.560.992.460.560.992.460.560.990.560.990.560.992.460.560.990.071.131.131.291.291.291.291.291.291.291.29,,Apr 2019 (WASTE: Unconventional wells),Sep 2025 (WASTE: Unconventional wells),True
151584,NR-23-FOUR-BUCKS-PAD,SWN PROD CO LLC,Susquehanna,2218,201461.485134.192724802.411077.533.42467.96612.424.613.4313.432631.65173.31462.252.252.2511.43110.020.150.15154.121341.890.150.150.150.090.090.091568.911156.4684115.2624.2320.832314.368.6310.9367.518.6310.9367.518.6310.9367.511.931.931.931.931.931.931.931.931.9355510.15520612042028.22760.3628.222363.6728.220.370.460.530.370.530.370.5314.9154.6514.9154.6514.9154.657.517.517.511.841.841.843.684.84.80.521.230.521.230.521.230.521.230.521.230.521.230.521.230.521.230.521.231.361.361.361.361.361.361.361.361.360.310.310.310.310.310.310.310.310.310.160.160.160.160.160.160.160.160.160.890.890.890.890.890.890.890.890.891.420.60.60.6,,Apr 2016 (Unconventional wells),Sep 2024 (WASTE: Unconventional wells),True
151525,CRV PAD C08 X,SENECA RESOURCES CO LLC,Cameron,2097,193.37194194194194194194835.3835.29835.29835.3835.3835.3835.2913.770.870.870.870.870.870.880.88158.34158.340.470.470.470.470.470.470.470.720.720.720.720.720.720.720.680.680.680.680.680.680.68567.11024.26546.66202020202020964.451172944.531204.6212.83924.49403.741777.10.540.540.540.540.540.540.540.541.910.541.910.541.910.541.910.541.910.541.91119.88260.341123.40.830.830.830.830.830.830.830.8328.580.8328.580.8328.580.8353.080.8328.580.8328.5840.1240.1240.1240.1240.1240.120.640.640.640.640.640.640.620.620.620.620.620.620.620.620.620.620.620.620.620.340.340.340.340.340.340.343.960.343.963.960.343.960.343.960.343.961.162.081.162.081.161.162.081.162.081.162.081.162.081.162.081.162.081.162.081.162.081.162.081.162.080.690.690.690.690.690.690.690.690.690.690.690.690.252.720.252.720.252.720.252.720.252.720.252.720.252.720.252.720.252.720.252.720.252.720.252.720.650.650.650.650.650.650.650.650.650.650.650.65,,Apr 2016 (Unconventional wells),Sep 2025 (WASTE: Unconventional wells),True
154384,PER B22,PENNENERGY RESOURCES LLC,Beaver,2009,292.453.14.263.114.2623.8523.859.6523.859.6523.859.6523.8523.85428.46348.97492.3219.2543.7243.9374.2249.722.782.782.782.7825.18959.43633.83747.43912.3622.25975.41683.78320.075.827.775.827.771.525.827.771.525.827.771.525.827.775.827.773.7822.943.7822.943.7822.940.917.330.917.330.910.917.330.910.917.331.021.021.021.021.021.021.232.441.221.261.292.453.1416.693.3918.124.3423.054.322.953.1216.583.3818.042.963.2610.38107.583.16,,Apr 2018 (WASTE: Unconventional wells),Sep 2025 (WASTE: Unconventional wells),True
154879,MINTON WILLIAM 12298,RANGE RESOURCES APPALACHIA LLC,Beaver,1913,2.072.142.072.142.072.142.072.1442.6261.46130.0139.33331.2364.5184.32491.773.8223.5163.5290.8312.3973.03323.27338.2514.71109.17138.79535.39721.47509.63651.09330.681045.7320.73108.56316.179.329.329.329.3220.8920.8920.8920.8918.7418.7418.7418.740.192.745.017.115.351.150.192.745.017.115.351.150.192.745.017.115.351.150.192.745.017.115.351.151.631.631.631.6342.344.8656.91294.7334.4883.7297.968.9119.4598.27105.83256.690.10.10.10.10.242.3562.04274.6421.75113.45277.750.41126.56171.810.230.230.230.231.692.7451.83127.340.740.740.740.740.740.740.740.740.3510.9216.51125.56156.33396.19602.62265.78279.28567.6188.82255.75689.69144.82165.72680.9617.6719.9920.50.590.590.590.590.590.590.590.590.0519.1149.354.460.10.290.878.0747.73207.970.010.010.010.010.010.010.010.011.331.331.331.331.331.331.331.330.020.020.020.020.020.020.020.020.030.030.030.030.030.030.030.030.030.030.030.030.030.030.030.030.110.110.110.110.110.110.110.1131.6258.3365.09,,Apr 2019 (WASTE: Unconventional wells),Sep 2025 (WASTE: Unconventional wells),True
154148,PER W34 WELL PAD,PENNENERGY RESOURCES LLC,Butler,1907,139.9276.88397.94456.7365.51335.92186.15150.51150.51150.51810.22150.51150.513.7317.963.7317.963.7317.963.7317.963.7317.963.7317.96520.4669.15412.14578.25604.33205.322.444.652.444.652.444.650.590.710.590.680.630.741.9113.361.9113.361.9113.361.9113.361.9113.361.9113.366.6129.886.6129.886.6129.886.6129.886.6129.886.6129.882.52.52.52.52.52.53.6516.84.7922.043.93183.8917.974.319.85.0923.441.021.441.11.121.271.451.131.631.231.21.441.6,,Apr 2018 (WASTE: Unconventional wells),Sep 2025 (WASTE: Unconventional wells),True
152251,FRANKLIN DENNY GRE WELL PAD,RICE DRILLING B LLC,Greene,1854,425.8789.48724.5345.35738.92778.77592.436.7234.221100104.3465010.1248.814.3326.7242.05842.332.4388.02400.96279.42507.270.081.3533.8435.592105.540.10.2533.42153.0729.20.519.08510.871.922.726.50.031.512.90.23.142.1520.790.080.585.547.6372.730.650.10.183.632.050.20.6512.070.60.282.290.129.580.310.342.480.053.25.631.943.290.40.816.7117.427.02153.49226.14505.47156.37562.08269.65381.76166.91502.45227.25272.9835.43310.62676.65154410.680.03,,Apr 2020 (WASTE: Unconventional wells),Sep 2025 (WASTE: Unconventional wells),True
150111,STARZEC E PAD 1,COTERRA ENERGY INC,Susquehanna,1756,1100.22826.621.861.860.24422.250.24680.930.24940.30.240.2419.080.241510.40.240.24355.730.0410.0910.460.0710.4613.790.1110.4617.520.039.5410.460.049.9610.460.1710.4622.730.0610.4612.930.1810.4623.87185208.25384.39622.42719.49291.97983.421522.990.82239.90.82267.640.82101.080.82299.350.82220.710.82130.410.82331.260.82118.790.947.790.937.7922.622.370.44.3122.510.44.3130.780.44.3139.090.44.3121.290.44.3122.230.44.3150.730.44.3128.860.44.3153.270.420.420.420.420.420.420.420.426.066.066.066.066.066.06297.146.066.067.960.770.7710.0312.3110.0316.8310.0321.3810.0311.6410.0312.1610.0327.7510.0315.7910.0329.141.671.671.671.671.671.671.671.671.671.670.580.580.580.580.580.580.580.580.580.580.090.090.090.090.090.090.090.090.090.090.30.30.30.30.30.30.30.30.30.3,,Apr 2017 (WASTE: Unconventional wells),Sep 2025 (WASTE: Unconventional wells),True
154521,PER B9,PENNENERGY RESOURCES LLC,Beaver,1738,669.7190.833.91674.14272.74219.53332.81111.89332.02198.75506.32606.3364.2321.59329.4332.1632.1632.1632.1632.1632.161.81.81.81.81.81.80.4911.50.4911.50.4911.50.4911.50.4911.50.4911.52.7212.774.0819.143.3315.612.7312.84.0318.912.3711.124.476.375.24.36.333.830.480.630.50.320.650.390.170.250.190.160.250.17,,Apr 2018 (WASTE: Unconventional wells),Sep 2025 (WASTE: Unconventional wells),True
156596,SGL-12 P UNIT PAD,CHIEF OIL & GAS LLC,Bradford,1715,123.3441.0398.3559.5684.27125.7292.0239.4695.6189.06199.55215.41764.7903.0621.6410.4310.4410.4410.4411.3410.4310.43372.410.4310.432692.041329.971146.42277.542383.12738.4210.8610.8610.8610.8610.8610.8610.8610.8510.8532279.5819.41694.219.41320.8419.41164.3719.41156.0819.4119.4119.4119.4119.415.92904.65218.2218.2218.2218.2218.2218.2218.2218.22.32.32.32.32.32.32.32.32.30.650.650.650.650.650.650.650.650.652.342.342.342.342.342.342.342.342.34,,Apr 2021 (WASTE: Unconventional wells),Sep 2024 (WASTE: Unconventional wells),True
152044,POWERS N WELL SITE,COTERRA ENERGY INC,Susquehanna,1664,1331.241192.711605.621840.954.6730.653.5930.654.0830.655.0230.652.699.652.069.652.359.652.899.6516.6916.6916.69415.954.944.944.940.760.740.760.824.184.184.187.4911.877.4911.877.4911.877.4911.870.097.4911.870.17.4911.870.17.4911.870.6616.216.20.6616.20.6616.23.4816.23.4816.23.4816.21398.871434.851431.480.570.570.570.220.70.220.680.220.70.220.750.220.970.221.060.221.111.1216.7621.7116.76130.617.127.1211.111.10.2719.060.2919.062078.722467.910.070.371.20.070.371.24.894.891.731.731.441.441.44,,Apr 2017 (WASTE: Unconventional wells),Sep 2025 (WASTE: Unconventional wells),True
156129,PER L103,PENNENERGY RESOURCES LLC,Butler,1662,1.081.08225.441.07316.531.07310.451.08325.911.08464.17306.21334.5883.691.521.521.521.521.521.521.520.670.580.577.061074.5863.7894.24652.2945.72736.15669.08829.55716.9463.01690.920.6765.560.5856.260.548.7712.3529.8160.86146.9631.7976.761.461.461.461.461.461.461.461.361.631.241.181.071.061.181.282.871.53.341.112.481.292.871.12.461.32.91.122.51.291.361.541.621.171.241.141.21.011.0711.061.111.172.753.232.442.442.131.942.273.0622.74652.293.4525.6845.722.6319.572.8721.32736.152.4117.91669.082.9521.97829.552.5218.72716.941.773.531.891.641.81.752.04,,Apr 2024 (WASTE: Unconventional wells),Sep 2025 (WASTE: Unconventional wells),True
155383,HOFFMAN UNIT PAD,CHIEF OIL & GAS LLC,Bradford,1644,889.531234.251366.451206.4343.6418.97884.29480.65385.96354.19120.485.2416.25.245.245.245.25394.595.255.245.244.054.054.054.044.044.044.044.04,,Apr 2021 (WASTE: Unconventional wells),Sep 2025 (WASTE: Unconventional wells),True
156975,BENEDIKT K PAD 1,COTERRA ENERGY INC,Susquehanna,1637,1.031.031.031.031.031.031.031.035.7310.835.7310.835.7310.835.7310.83595.425.7310.835.7310.835.7310.83584.795.7310.835.7310.83172.275.7310.831161.442.132.137.972.132.132.132.132.132.132.132.130.28603.20.28967.880.28301.030.28338.230.28444.180.28479.470.28232.410.28501.210.28317.280.28297.780.580.580.580.580.580.580.580.580.010.061.5514.110.010.051.5514.290.010.031.5513.270.010.051.5517.460.010.051.5513.770.010.041.5513.570.010.051.5515.980.010.061.5515.810.010.051.5514.660.010.051.5514.441.925.1833.611.925.1834.031.925.1831.591.925.1841.571.925.1832.81.925.1832.311.925.1838.061.925.1837.661.925.1834.911.925.1834.38485.33104.64722.74131.31560.32636.73130.76621.75615.22177.230.210.210.210.210.210.210.210.210.210.212.732.732.672.670.710.710.710.710.713.123.1210.683.123.123.123.123.123.123.123.120.090.090.090.090.090.040.660.660.660.660.660.660.660.660.660.660.510.510.510.510.510.510.510.510.510.51,,Apr 2022 (WASTE: Unconventional wells),Sep 2025 (WASTE: Unconventional wells),True
155697,ABBOTT M PAD 1,COTERRA ENERGY INC,Susquehanna,1593,42.8542.8542.8542.8542.8542.8542.850.351.1730.320.461.1730.320.651.1730.320.541.1730.320.641.1730.320.391.1730.320.41.1730.321478.751360.171138.9840.24352.82634.751541.99826.731619.890.35736.670.35316.250.35103.390.35304.520.35268.810.35290.140.351.152.451.492.452.132.451.752.452.092.451.252.451.292.450.055.129.3734.740.055.129.3745.290.055.129.3764.360.055.129.3752.940.055.129.3763.340.055.129.3738.050.055.129.3739.190.040.064.7912.980.060.084.7916.920.060.164.7924.040.060.124.7919.770.060.164.7923.660.060.074.7914.210.060.074.7914.640.140.140.140.140.140.140.141.552.032.882.372.831.71.750.080.190.080.250.080.360.080.30.080.350.080.210.080.220.040.040.040.040.040.040.040.20.20.20.20.20.20.20.10.140.190.160.190.110.120.620.030.340.030.340.030.340.791.021.451.21.430.860.892.042.042.040.10.10.10.10.10.10.1,,Apr 2020 (WASTE: Unconventional wells),Sep 2025 (WASTE: Unconventional wells),True
155873,SGL-12 O UNIT PAD,CHIEF OIL & GAS LLC,Bradford,1579,67.762072.5984.5763.9417.66100.881253.1820.81753.011149.88977.521441.9668.76262.72244.39225.0410.9310.9410.9410.9422.0710.9479.5518.640.7733.7822.851177.1617.691365.85257.341347.0879.251232.341373.8195.91217.23157.27219.524.494.494.494.494.494.484.484.484.484.482.212.212.212.212.22.22.22.22.22.2,,Apr 2020 (WASTE: Unconventional wells),Sep 2025 (WASTE: Unconventional wells),True
155168,PER W56,PENNENERGY RESOURCES LLC,Butler,1558,975.82826.1459.3407.11427.08367.63402.0742.28356.1220.34367.930.940.940.940.940.940.943.6213.772.7510.483.5213.394.6317.654.617.516.5424.91.741.741.741.74392.61.741.74583.97681.45970.19839.93136.011.2750.443.3888.353.3888.353.3888.351.081.641.081.641.081.641.081.641.081.641.081.6410.598.0910.0216.4515.321.550.665.6212.860.514.329.890.665.6112.840.897.6317.470.837.1116.281.079.1520.953.52.543.243.663.685.56,,Apr 2021 (WASTE: Unconventional wells),Sep 2025 (WASTE: Unconventional wells),True
154343,L. KINGSLEY NORTH UNIT PAD,CHIEF OIL & GAS LLC,Bradford,1493,489.141112.26910.6726.41190.43146.9114.894.28134.65290.45277.48229.751114.0416.85146.82131.3558.3369.221044.5948.59927.83926.7434.281242.23.593.593.593.593.63.63.63.5915.891.171.171.171.171.171.171.171.174.024.024.024.024.024.024.024.025.665.665.665.665.675.675.675.662.172.172.172.172.182.182.182.171.751.751.751.751.751.751.751.75,,Apr 2018 (WASTE: Unconventional wells),Sep 2025 (WASTE: Unconventional wells),True
150842,BRANT NORTH RANGE 14 PAD,SWN PROD CO LLC,Susquehanna,1473,105810524261.9425.331.9425.331.9425.334.6732.24.6732.24.6732.211.7611.7611.7623.653340710.2345.31100.2345.31101102480.487.1837.510.487.1837.510.487.1837.510.487.1837.510.487.1837.510.487.1837.5132.4232.4232.422.132.162.132.162.132.162.132.162.132.162.132.167576575765757653.13.13.13.13.13.11.441.441.441.441.441.440.011.010.011.010.011.010.011.010.011.010.011.010.350.350.350.350.350.350.030.240.240.240.240.240.240.790.790.790.790.790.79,,Apr 2017 (WASTE: Unconventional wells),Sep 2025 (WASTE: Unconventional wells),True
147281,RU 49,SOUTHWESTERN ENERGY PROD CO,Susquehanna,1459,1248.3551.222203.761097.58110.31514.16121.06004.014.927.280.264.014.927.284.014.927.281.831.831.8310551.0910551.0910551.091214.6324.637.557.559357.551.0521.3121.3121.3116.699.1616.699.1616.699.1616.6921.3115.5521.3121.319.7915.669.7915.669.7915.66680.93680.93680.931293129312935.475.475.4711.150.8511.1511.156.26.26.20.3716.750.3716.750.370.5516.753330.540.540.540.540.540.540.543.1,,Apr 2016 (Unconventional wells),Sep 2025 (WASTE: Unconventional wells),True
149614,YONKIN WELL PAD,CHIEF OIL & GAS LLC,Sullivan,1321,1094.3637.07728.31587.61490.03373.6262.984.822.2384.8149.0163.1684.884.8148.2384.8135.1384.8144.5484.8247.41284.334.14.14.14.14.14.14.14.14.14.14.5419.82124.2202.844.54202.84255.69567.934.54202.844.5497.41202.844.5433202.844.54202.844.54202.849.769.769.769.769.769.769.76288.7814.18288.78288.78310.6350.658.92288.78394.93288.78288.78288.7822.11287.87287.8771.37287.87293.5721.96287.87190.72287.87597.62208.63287.87614.5634.66287.87295.157.057.057.057.057.057.057.057.057.057.0511.6811.6811.6811.6811.6811.6811.68369.82384.4589.09369.82369.8297.11219.73369.8217.32369.82369.8217.520.63369.825.715.715.710.185.710.185.710.185.710.185.710.185.710.185.710.185.7120.120.120.120.145.1220.145.1220.145.1220.145.1220.145.1220.145.1220.145.120.020.020.020.020.020.020.020.314.240.314.240.314.240.314.240.314.240.314.240.314.240.314.240.314.240.314.240.150.150.150.150.150.150.150.150.150.15121212121212121212120.410.410.410.410.410.410.410.410.410.410.10.10.10.10.10.10.10.10.10.1,,Apr 2018 (WASTE: Unconventional wells),Sep 2025 (WASTE: Unconventional wells),True
156547,C09-J,SENECA RESOURCES CO LLC,Cameron,1297,2.252.252.252.252.252.25120.56448.4142.06504.27213.78406.67108.6400.09535.231.3353.2314.130.70.70.70.70.70.73.1636.63.163.163.16498.0810.75653.3710.7510.751182.6810.7510.75912.8210.750.420.421065.290.420.42987.290.42234.150.424.43586.624.434.434.434.434.431357.2613.13.3148.0718.1759.895.87350.795.875.875.875.875.870.560.560.560.560.560.56111111111278.0510.180.180.180.180.180.180.180.180.180.183.683.683.683.683.683.683.683.683.683.684.94.924.924.924.924.924.924.9234.734.92458.924.92531.964.9222.640.960.960.960.960.960.960.960.961243.370.960.96283.493.023.023.023.023.023.023.023.023.023.021078.91814.47900.310.170.170.170.170.170.170.170.170.170.170.720.720.720.720.720.720.720.720.720.720.310.310.310.310.310.310.310.310.310.310.930.930.930.930.930.930.930.930.930.930.390.390.390.390.390.390.390.390.390.392.032.032.032.032.032.032.032.032.032.03,,Apr 2021 (WASTE: Unconventional wells),Sep 2025 (WASTE: Unconventional wells),True
156863,BEECHWOOD B09-I,SENECA RESOURCES CO LLC,Cameron,1281,33.2333.2333.2333.2333.2333.2333.231045.82855.91.561.56622.861.561.561.561.561.56125.47521.43524.67168.16534.92411.340.660.660.660.66513.040.66369.870.660.661273.45397.67639.89928.451149.58607.77279.871153.859.279.279.279.279.27145.019.279.270.590.590.590.590.590.590.590.160.160.160.160.160.160.161.381.381.381.381.381.381.383.926.133.926.133.926.133.926.133.926.133.926.133.926.1330.9730.9730.9730.9730.9730.9730.970.450.450.450.450.450.450.450.737.270.737.270.737.270.737.270.737.270.737.270.737.270.940.940.940.940.940.940.941.561.561.561.561.561.561.560.589.650.589.650.589.650.589.650.589.650.589.650.589.65,,Apr 2021 (WASTE: Unconventional wells),Sep 2025 (WASTE: Unconventional wells),True
155282,PER W57,PENNENERGY RESOURCES LLC,Butler,1240,361.3387.96205.319.525.124.160229.802.8523.222.217.942.5720.953.5228.724.7638.8728.8668.540.88432.92335.28678.178.428.428.428.428.42669.25904.74815.410.730.730.730.730.730.370.280.340.530.72.9515.842.1411.472.7514.762.7814.943.9321.060.950.720.8311.34,,Apr 2021 (WASTE: Unconventional wells),Sep 2025 (WASTE: Unconventional wells),True
151161,WISSLER UNIT PAD,CHIEF OIL & GAS LLC,Lycoming,1223,554.41899.64223.361.712.241.712.241.712.231306.531278.8413.0913.0813.0813.4313.438.48.418.411.491.491.4951.5281.5477.89101.9519.8819.8819.883.145.473.145.473.145.4740.4940.4940.49,,Apr 2017 (WASTE: Unconventional wells),Sep 2025 (WASTE: Unconventional wells),True
147298,SALANSKY T PAD 1,COTERRA ENERGY INC,Susquehanna,1208,321.45580.26717.52718.91.191.191.44238.231.44304.11.44233.951.44323.361.443861.050.630.920.680.930.50.830.30.830.440.830.330.830.450.836.741812.046.746.74290.196.746.741.683.871.743.87398.34704.56925.68653.591117.961.561.561.561.561.5638.8435.2737.7435.7437.810.183.458.6137.110.073.458.6122.130.163.458.6132.470.083.458.6124.090.163.458.6132.780.150.150.150.150.150.150.152.282.280.030.030.030.030.030.030.030.460.460.460.460.460.460.460.010.010.010.010.010.010.01,,Apr 2017 (WASTE: Unconventional wells),Sep 2025 (WASTE: Unconventional wells),True
155624,HEMLOCK RIDGE ESTATES UNIT PAD,CHIEF OIL & GAS LLC,Lycoming,1172,1437.821330.38158.811622.071286.1513.8194.37237.11263.86235.362046.035.13210.415.135.127.855.135.1377777,,Apr 2020 (WASTE: Unconventional wells),Sep 2025 (WASTE: Unconventional wells),True
156924,RU-75-SGL A-Pad,SWN PROD CO LLC,Susquehanna,1168,4.360.5919.56303.3219.56303.3219.56303.321986.422426.2883.031994.147.0194.5594.5594.554.689.074.689.074.689.077.097.097.092002002387.680.63213.31.18213.3213.311.8311.8311.841882.23187730.240.3311.570.240.3311.570.240.3311.570.240.3311.570.240.3311.570.240.3311.570.230.230.230.230.230.230.030.820.030.820.030.820.030.820.030.820.030.822.065.232.065.232.065.232.065.232.065.232.065.230.171.8614.010.171.8614.010.171.8614.010.171.8614.010.171.8614.010.171.8614.016.591.381.381.381.381.381.380.82.735.832.735.832.735.832.735.832.735.832.735.832.392.392.392.392.392.39,,Apr 2022 (WASTE: Unconventional wells),Sep 2025 (WASTE: Unconventional wells),True
145497,LIGHTCAP BRA,CHESAPEAKE APPALACHIA LLC,Bradford,1138,287.6229338.71257.22277.321399.16621.451136.2878.571079.531065.52279.5614.4314.37415.1467.267.2167.214.264.264.251.781.781.781.791.791.79,,Apr 2018 (WASTE: Unconventional wells),Sep 2025 (WASTE: Unconventional wells),True
150855,B4,PENNENERGY RESOURCES LLC,Beaver,1103,383.09211.81205.79377.57342397.96393.86714.0756.285030.690.93.3744.9626.957.063.2614.626.0517.0717.0717.0717.072.913.962.533.01,,Apr 2018 (WASTE: Unconventional wells),Sep 2025 (WASTE: Unconventional wells),True
156462,JADS LOCATION,CHESAPEAKE APPALACHIA LLC,Bradford,1073,189.4207.8850.6498.4345.44330.05661.811127.55451.35472.021069.72305.57427.881214.29126.245.995.995.995.995.995.99470.87562.791119.5717.75138.62202.78174.46315.021030.66269.454931439.5242.050.10.10.10.10.10.11.671.671.671.671.671.67,,Apr 2022 (WASTE: Unconventional wells),Sep 2025 (WASTE: Unconventional wells),True
147865,BROWN HOMESTEAD BRA,CHESAPEAKE APPALACHIA LLC,Bradford,1066,823.45921.01355.965.785.781589.6648.1448.1448.14101.4424.432159.571465.61.871.871.871.971.971.971.971.971.971.97373.81.97866.461.972821.382.142.142.142.142.142.142.14671.62.142.14237.911242.91330.841324.7409.87498.2541.961.863.5530.961.863.5530.961.863.5530.961.863.5530.961.863.5530.961.863.5530.961.863.5530.961.863.5530.961.863.5530.960.410.410.410.410.410.410.410.410.410.383.220.383.220.383.220.383.220.383.220.383.220.383.220.383.220.383.2240.1340.1340.1340.1340.1340.1340.1340.1340.134.8317.924.8317.924.8317.924.8317.924.8317.924.8317.924.8317.924.8317.924.8317.920.430.430.430.430.430.430.430.430.43,,Apr 2022 (WASTE: Unconventional wells),Sep 2025 (WASTE: Unconventional wells),True
146567,BOY SCOUTS WELL PAD,CHIEF OIL & GAS LLC,Sullivan,1029,324.41682.48358.2263.4453.09133.8364.98101.7742.3112.581183.7312.58166.612.5812.5896.86853.65888.76868.149.08100.069.085.369.089.0822.04301566.9630588.392081.4183.261.061.061.061.061.061.061.060.5412.110.5412.110.5412.110.5412.110.5412.110.5412.110.5412.110.860.860.860.860.860.860.862.728.7147.592.728.7147.592.728.7147.592.728.7147.592.728.7147.592.728.7147.592.728.7147.590.263.960.263.960.263.960.263.960.263.960.263.960.263.96,,Apr 2017 (WASTE: Unconventional wells),Sep 2025 (WASTE: Unconventional wells),True
151565,TI-01-MASE MONTE-PAD,SWN PROD CO LLC,Tioga,1020,11.8511.8513.42803.791888.4915.1257.339.489.489.4822.251548.11065.72200.72480.720.7222.065.555.555.554.530.372.764.184.184.182072.021.5,,Apr 2018 (WASTE: Unconventional wells),Sep 2025 (WASTE: Unconventional wells),True
157393,BRAZITIS D PAD 1,COTERRA ENERGY INC,Susquehanna,1016,1087.441.132.051.132.421.131.791.132.431.131.741.132.081.132.21.132.071.061.061.061.061.061.061.061.065.275.275.275.275.271337.465.27738.325.271172.885.2745.52863.021137.78517.9188.131583.021040.82571.27572.91884.23297.75269.3359.49483.234.450.076.210.166.210.196.210.26.210.086.210.176.210.166.210.186.210.082.147.410.082.14.737.410.082.13.497.410.082.14.757.410.082.13.47.410.082.14.067.410.082.14.297.410.082.14.047.413.913.913.913.913.913.913.913.910.580.580.580.580.580.580.580.584.650.41,,Apr 2023 (WASTE: Unconventional wells),Sep 2025 (WASTE: Unconventional wells),True
157878,SGL-12 J UNIT PAD,CHESAPEAKE APPALACHIA LLC,Bradford,981,834.271666.461673.4638.9744.4938.9744.4938.9744.4938.9744.4938.9744.4938.9744.492062.071719.1235.66476.4598.61326.473.34.33.34.33.34.33.34.33.34.33.34.35.8915.135.8915.135.8915.135.8915.135.8915.135.8915.132.4219.972.4219.972.4219.972.4219.972.4219.972.4219.9711.5911.5911.5911.5911.5911.590.240.240.240.240.240.242.582.582.582.582.582.584.464.464.464.464.464.462.062.062.062.062.062.06,,Apr 2023 (WASTE: Unconventional wells),Sep 2025 (WASTE: Unconventional wells),True
153744,RAIMO UNIT,CHIEF OIL & GAS LLC,Bradford,880,285.251390.221047.1741.091427.18659.4344.0518.941966.5745.43179.53317.6378.9478.9478.9478.9517.263.119.843.119.843.119.853.129.853.119.8420.63.119.843.119.8426.633.119.841146.27780.371374.75353.2953.1653.1753.1653.1753.1753.1753.1653.160.480.480.480.480.480.480.490.491.351.351.351.35,,Apr 2018 (WASTE: Unconventional wells),Sep 2024 (WASTE: Unconventional wells),True
151656,WEST PAD 55,PENNENERGY RESOURCES LLC,Butler,856,663.2388.37669.14556.13162.52359.21137.081205.546.725.546.725.546.7215.3427.7415.3427.7415.3427.744.0432.5330002.44.0432.5327649.274.0432.5364.2215883.620.099.350.099.350.099.354.838.025.549.24.214.214.21,,Apr 2018 (WASTE: Unconventional wells),Sep 2025 (WASTE: Unconventional wells),True
145222,ELWELL BRA,CHESAPEAKE APPALACHIA LLC,Bradford,775,6.4917.61.0441.5461.7491.21836.7119.08113.29839.23919.08467.87951.46614.56751.951121.951267.02140.21235.364.37155.47141.57164.84328.72378.88128.88162.2291.19120.4140.540.540.540.540.540.513.8913.8913.8913.8913.8913.8915.6418.7725.6818.6334.33190.919.999.999.999.999.999.992.690.152.690.152.690.152.690.152.690.152.693.740.363.740.363.740.363.740.363.740.363.741.752.12.12.12.12.1,,Apr 2019 (WASTE: Unconventional wells),Sep 2025 (WASTE: Unconventional wells),True
148251,DRISCOLL BRA,CHESAPEAKE APPALACHIA LLC,Bradford,600,41.941.910.660.661.41.40.250.251.711.714.410.48124.63124.63124.63192.27261.9517.0717.0717.07139.9377.87539.5558.4562.54539.5538.5838.92539.55115.94183862.91123.47362.45862.91416.18451.55862.910.1783.080.1783.080.1783.0841.0341.0341.030.470.470.470.470.470.839.370.839.370.839.370.839.370.839.37,,Apr 2018 (WASTE: Unconventional wells),Sep 2025 (WASTE: Unconventional wells),True
149428,THEM BRA,CHESAPEAKE APPALACHIA LLC,Bradford,589,0.070.077.337.334.154.154.154.15154.531524.841650.41367.671.92219.991879.072.132.322.6810.892.132.322.6810.892.132.322.6810.892.132.322.6810.892.132.322.6810.892.132.322.6810.890.950.950.950.950.950.950.640.640.640.640.4510.460.4510.460.4510.460.4510.460.4510.460.4510.460.660.450.660.450.660.450.660.450.660.450.660.455.1937.555.1937.555.1937.555.1937.555.1937.555.1937.55,,Apr 2021 (WASTE: Unconventional wells),Sep 2025 (WASTE: Unconventional wells),True
146888,STETHERS BRA,CHESAPEAKE APPALACHIA LLC,Bradford,577,200.16200.16345.12454.53233.88589.6145.844517170.480.48139.121744.391525.76344.86249.481520.441526.481700.37138.5899.47200.4246.21236.5796.290.120.120.120.120.120.120.126.5542.76.5542.76.5542.76.5542.76.5542.76.5542.76.5542.718.3818.3818.3818.3818.381.864.061.864.061.864.061.864.061.864.061.864.061.864.064.584.584.584.584.584.584.58,,Apr 2021 (WASTE: Unconventional wells),Sep 2025 (WASTE: Unconventional wells),True
145001,ROCKS BRA,CHESAPEAKE APPALACHIA LLC,Bradford,471,13.1613.150.950.95629.4880.69101.98629.48284.25360.81629.48106.68106.68106.687.377.3741.377.37105.465.716.895.716.895.716.89343.0258.4880.1343.02207.8343.02516.467.138.96438.67.1219.04277.05438.67.1438.60.440.440.445.435.435.430.773.430.773.430.773.430.773.4324.0624.0624.067.2512.37.2512.37.2512.37.2512.3,,Apr 2022 (WASTE: Unconventional wells),Sep 2025 (WASTE: Unconventional wells),True
157614,PELTON UNIT PAD,CHESAPEAKE APPALACHIA LLC,Bradford,420,44.1844.1844.1844.18722.5662.331554.941683.72270.72296.22218.34404.6871.6371.6371.6371.632007.71160.1414141410.080.080.080.0837.9637.9637.9637.9621.6921.6921.690.653.1921.270.653.1921.270.653.1921.270.653.1921.272.0211.1852.92113.222.0211.1852.92113.222.0211.1852.92113.222.0211.1852.92113.2211.1852.92113.2211.1852.92113.2211.1852.92113.22106.46449.33954.38106.46449.33954.38106.46449.33954.38106.46449.33954.380.790.790.790.790.790.790.790.710.710.710.710.710.710.71,,Apr 2024 (WASTE: Unconventional wells),Sep 2025 (WASTE: Unconventional wells),True
156479,CAHILL UNIT PAD,CHIEF OIL & GAS LLC,Bradford,388,16.8122.2418.2926.122.342060.62233.1249.91479.72221964.71420.6511.81386.5511.81159.9411.813.033.983.033.983.033.98,,Apr 2021 (WASTE: Unconventional wells),Sep 2025 (WASTE: Unconventional wells),True
157444,TUCKER H PAD 1,COTERRA ENERGY INC,Susquehanna,374,1394.91509.531566.140.247.990.247.990.237.992.392.392.398.7321.558.7321.558.7321.55142.96112.49141.4312.0612.061888.3512.06295.125.25.25.21.251.251.251.961.961.96,,Apr 2023 (WASTE: Unconventional wells),Sep 2025 (WASTE: Unconventional wells),True
